pair_id,f_image,s_image,similarity_score,pair_type
1,f0001,s0001,0.7263339070567987,genuine
2,f0002,s0002,0.7950116913484022,genuine
3,f0003,s0003,1.0607843137254902,genuine
4,f0004,s0004,0.7733333333333333,genuine
5,f0005,s0005,0.5631469979296067,genuine
6,f0006,s0006,0.6469622331691297,genuine
7,f0007,s0007,0.7107438016528925,genuine
8,f0008,s0008,0.8600883652430045,genuine
9,f0009,s0009,0.702054794520548,genuine
10,f0010,s0010,0.7526132404181185,genuine
11,f0011,s0011,0.7966804979253111,genuine
12,f0012,s0012,0.5279187817258884,genuine
13,f0013,s0013,0.803030303030303,genuine
14,f0014,s0014,0.45250800426894344,genuine
15,f0015,s0015,0.47540983606557374,genuine
16,f0016,s0016,0.7140077821011673,genuine
17,f0017,s0017,0.48450704225352115,genuine
18,f0018,s0018,0.48643006263048016,genuine
19,f0019,s0019,0.9920141969831411,genuine
20,f0020,s0020,0.7245508982035929,genuine
21,f0021,s0021,0.9418084153983886,genuine
22,f0022,s0022,0.8720379146919431,genuine
23,f0023,s0023,0.7100271002710027,genuine
24,f0024,s0024,0.44525547445255476,genuine
25,f0025,s0025,0.7759771210676835,genuine
26,f0026,s0026,0.6202277294038848,genuine
27,f0027,s0027,0.7097817299919159,genuine
28,f0028,s0028,1.0194319880418534,genuine
29,f0029,s0029,0.613664596273292,genuine
30,f0030,s0030,0.7737478411053541,genuine
31,f0031,s0031,0.529839883551674,genuine
32,f0032,s0032,0.6210607225211375,genuine
33,f0033,s0033,0.8532608695652174,genuine
34,f0034,s0034,0.9116360454943132,genuine
35,f0035,s0035,0.7403314917127072,genuine
36,f0036,s0036,0.7230910763569457,genuine
37,f0037,s0037,0.7808564231738035,genuine
38,f0038,s0038,0.8501920614596671,genuine
39,f0039,s0039,0.8837656099903939,genuine
40,f0040,s0040,0.6518046709129511,genuine
41,f0041,s0041,0.5979381443298969,genuine
42,f0042,s0042,0.9034348671419313,genuine
43,f0043,s0043,0.48742138364779874,genuine
44,f0044,s0044,0.282560706401766,genuine
45,f0045,s0045,0.4659977703455964,genuine
46,f0046,s0046,0.5007451564828614,genuine
47,f0047,s0047,0.8452611218568665,genuine
48,f0048,s0048,0.7800212539851222,genuine
49,f0049,s0049,0.6650887573964497,genuine
50,f0050,s0050,0.7174603174603175,genuine
51,f0051,s0051,0.8306188925081434,genuine
52,f0052,s0052,0.7402826855123675,genuine
53,f0053,s0053,0.9153394803017603,genuine
54,f0054,s0054,0.8155533399800599,genuine
55,f0055,s0055,0.9487485101311085,genuine
56,f0056,s0056,0.42382271468144045,genuine
57,f0057,s0057,0.5738916256157636,genuine
58,f0058,s0058,0.41454545454545455,genuine
59,f0059,s0059,0.546583850931677,genuine
60,f0060,s0060,0.8566666666666667,genuine
61,f0061,s0061,0.6679174484052532,genuine
62,f0062,s0062,0.855863921217547,genuine
63,f0063,s0063,0.3474320241691843,genuine
64,f0064,s0064,0.8648648648648649,genuine
65,f0065,s0065,1.06888720666162,genuine
66,f0066,s0066,0.22037914691943128,genuine
67,f0067,s0067,0.624405705229794,genuine
68,f0068,s0068,0.6301075268817204,genuine
69,f0069,s0069,0.918717375093214,genuine
70,f0070,s0070,0.7927063339731286,genuine
71,f0071,s0071,0.7738693467336684,genuine
72,f0072,s0072,0.6035087719298246,genuine
73,f0073,s0073,0.695364238410596,genuine
74,f0074,s0074,0.5323741007194245,genuine
75,f0075,s0075,0.8012889366272825,genuine
76,f0076,s0076,0.42857142857142855,genuine
77,f0077,s0077,0.5400593471810089,genuine
78,f0078,s0078,0.5278276481149012,genuine
79,f0079,s0079,0.7947494033412887,genuine
80,f0080,s0080,0.7110582639714625,genuine
81,f0081,s0081,0.7654584221748401,genuine
82,f0082,s0082,0.6734397677793904,genuine
83,f0083,s0083,0.9168808911739503,genuine
84,f0084,s0084,0.8263795423956931,genuine
85,f0085,s0085,0.7605421686746988,genuine
86,f0086,s0086,0.653819683413627,genuine
87,f0087,s0087,0.9840425531914894,genuine
88,f0088,s0088,0.32068543451652387,genuine
89,f0089,s0089,0.8975188781014024,genuine
90,f0090,s0090,0.9725106902871106,genuine
91,f0091,s0091,0.7272727272727273,genuine
92,f0092,s0092,0.7350096711798839,genuine
93,f0093,s0093,0.5956678700361011,genuine
94,f0094,s0094,0.6429780033840947,genuine
95,f0095,s0095,0.6274509803921569,genuine
96,f0096,s0096,0.6411149825783972,genuine
97,f0097,s0097,0.9150326797385621,genuine
98,f0098,s0098,0.6390870185449358,genuine
99,f0099,s0099,0.4407894736842105,genuine
100,f0100,s0100,0.9159261790840738,genuine
101,f0101,s0101,0.7182203389830508,genuine
102,f0102,s0102,0.6892177589852009,genuine
103,f0103,s0103,1.1040508339952344,genuine
104,f0104,s0104,0.8583815028901735,genuine
105,f0105,s0105,0.5252525252525253,genuine
106,f0106,s0106,0.5658747300215983,genuine
107,f0107,s0107,0.9982993197278912,genuine
108,f0108,s0108,0.9767080745341615,genuine
109,f0109,s0109,0.6819484240687679,genuine
110,f0110,s0110,0.7416216216216216,genuine
111,f0111,s0111,0.6959706959706959,genuine
112,f0112,s0112,0.631336405529954,genuine
113,f0113,s0113,0.6258148631029987,genuine
114,f0114,s0114,0.8476027397260274,genuine
115,f0115,s0115,0.6394316163410302,genuine
116,f0116,s0116,0.6380165289256199,genuine
117,f0117,s0117,0.9251700680272109,genuine
118,f0118,s0118,0.728744939271255,genuine
119,f0119,s0119,0.7011896431070679,genuine
120,f0120,s0120,0.646379853095488,genuine
121,f0121,s0121,0.8823529411764706,genuine
122,f0122,s0122,0.9732770745428974,genuine
123,f0123,s0123,0.6692307692307692,genuine
124,f0124,s0124,0.6294307196562836,genuine
125,f0125,s0125,0.555205047318612,genuine
126,f0126,s0126,0.816017316017316,genuine
127,f0127,s0127,0.6164747564216121,genuine
128,f0128,s0128,0.5976470588235294,genuine
129,f0129,s0129,0.7386363636363636,genuine
130,f0130,s0130,0.7029393370856786,genuine
131,f0131,s0131,0.7129277566539924,genuine
132,f0132,s0132,0.4922737306843267,genuine
133,f0133,s0133,0.7132352941176471,genuine
134,f0134,s0134,0.7306590257879656,genuine
135,f0135,s0135,0.6520547945205479,genuine
136,f0136,s0136,0.7399770904925544,genuine
137,f0137,s0137,0.7644539614561028,genuine
138,f0138,s0138,0.8003369839932604,genuine
139,f0139,s0139,0.737516005121639,genuine
140,f0140,s0140,0.44321329639889195,genuine
141,f0141,s0141,0.4297520661157025,genuine
142,f0142,s0142,0.7672727272727272,genuine
143,f0143,s0143,0.6226415094339622,genuine
144,f0144,s0144,0.852294154619736,genuine
145,f0145,s0145,0.5159574468085106,genuine
146,f0146,s0146,0.8649334178820546,genuine
147,f0147,s0147,0.5265151515151515,genuine
148,f0148,s0148,0.7929411764705883,genuine
149,f0149,s0149,0.9344115004492363,genuine
150,f0150,s0150,0.5060422960725075,genuine
151,f0151,s0151,0.7954743255004352,genuine
152,f0152,s0152,0.8123366440146367,genuine
153,f0153,s0153,0.9631768953068592,genuine
154,f0154,s0154,0.6423505572441742,genuine
155,f0155,s0155,0.941682013505218,genuine
156,f0156,s0156,0.9647887323943662,genuine
157,f0157,s0157,0.266025641025641,genuine
158,f0158,s0158,0.488,genuine
159,f0159,s0159,0.7399741267787839,genuine
160,f0160,s0160,0.9718202589489718,genuine
161,f0161,s0161,0.9903121636167922,genuine
162,f0162,s0162,0.7614942528735632,genuine
163,f0163,s0163,0.5435684647302904,genuine
164,f0164,s0164,0.6994219653179191,genuine
165,f0165,s0165,0.8075927523727351,genuine
166,f0166,s0166,0.7885714285714286,genuine
167,f0167,s0167,0.9117147707979627,genuine
168,f0168,s0168,0.8610086100861009,genuine
169,f0169,s0169,0.5684210526315789,genuine
170,f0170,s0170,0.49375866851595007,genuine
171,f0171,s0171,0.8272552783109405,genuine
172,f0172,s0172,0.714172604908947,genuine
173,f0173,s0173,0.6372549019607843,genuine
174,f0174,s0174,0.7754137115839244,genuine
175,f0175,s0175,0.7320125130344108,genuine
176,f0176,s0176,0.6246575342465753,genuine
177,f0177,s0177,0.5156889495225102,genuine
178,f0178,s0178,1.0545158665581773,genuine
179,f0179,s0179,0.879074658254469,genuine
180,f0180,s0180,0.7312101910828025,genuine
181,f0181,s0181,0.8308977035490606,genuine
182,f0182,s0182,0.728735632183908,genuine
183,f0183,s0183,0.6409861325115562,genuine
184,f0184,s0184,0.5374554102259215,genuine
185,f0185,s0185,0.7714776632302406,genuine
186,f0186,s0186,0.5919282511210763,genuine
187,f0187,s0187,0.914095079232694,genuine
188,f0188,s0188,0.6206261510128913,genuine
189,f0189,s0189,0.7282758620689656,genuine
190,f0190,s0190,0.5468956406869221,genuine
191,f0191,s0191,0.5832492431886983,genuine
192,f0192,s0192,0.5249266862170088,genuine
193,f0193,s0193,0.638095238095238,genuine
194,f0194,s0194,0.45569620253164556,genuine
195,f0195,s0195,1.0146163215590742,genuine
196,f0196,s0196,0.8341121495327103,genuine
197,f0197,s0197,0.7315885575167377,genuine
198,f0198,s0198,0.6489795918367347,genuine
199,f0199,s0199,0.8229665071770335,genuine
200,f0200,s0200,0.625,genuine
201,f0201,s0201,0.5238095238095238,genuine
202,f0202,s0202,1.0605263157894738,genuine
203,f0203,s0203,0.39598997493734334,genuine
204,f0204,s0204,0.6854990583804144,genuine
205,f0205,s0205,0.5214285714285715,genuine
206,f0206,s0206,0.9885057471264368,genuine
207,f0207,s0207,0.814404432132964,genuine
208,f0208,s0208,0.779291553133515,genuine
209,f0209,s0209,0.7048710601719198,genuine
210,f0210,s0210,0.48576214405360135,genuine
211,f0211,s0211,0.6859903381642513,genuine
212,f0212,s0212,0.7915194346289752,genuine
213,f0213,s0213,0.8300079808459697,genuine
214,f0214,s0214,0.6757679180887372,genuine
215,f0215,s0215,0.5972434915773354,genuine
216,f0216,s0216,0.5302713987473904,genuine
217,f0217,s0217,0.44640234948604995,genuine
218,f0218,s0218,0.6296296296296297,genuine
219,f0219,s0219,0.7908045977011494,genuine
220,f0220,s0220,0.5150078988941548,genuine
221,f0221,s0221,0.5474452554744526,genuine
222,f0222,s0222,0.7888127853881278,genuine
223,f0223,s0223,1.0736196319018405,genuine
224,f0224,s0224,1.0267175572519085,genuine
225,f0225,s0225,1.0591216216216217,genuine
226,f0226,s0226,0.5987730061349693,genuine
227,f0227,s0227,0.7562642369020501,genuine
228,f0228,s0228,0.3225806451612903,genuine
229,f0229,s0229,0.4542124542124542,genuine
230,f0230,s0230,0.37746478873239436,genuine
231,f0231,s0231,0.4645161290322581,genuine
232,f0232,s0232,0.8707718993928881,genuine
233,f0233,s0233,0.8157894736842105,genuine
234,f0234,s0234,0.9268829026937878,genuine
235,f0235,s0235,0.648493543758967,genuine
236,f0236,s0236,0.748646558391338,genuine
237,f0237,s0237,0.6889204545454546,genuine
238,f0238,s0238,0.8852791878172589,genuine
239,f0239,s0239,0.6708268330733229,genuine
240,f0240,s0240,0.7906976744186046,genuine
241,f0241,s0241,0.9608763693270735,genuine
242,f0242,s0242,0.5982694684796045,genuine
243,f0243,s0243,0.9033942558746736,genuine
244,f0244,s0244,0.8240109140518418,genuine
245,f0245,s0245,0.783289817232376,genuine
246,f0246,s0246,0.5254813137032842,genuine
247,f0247,s0247,0.4419889502762431,genuine
248,f0248,s0248,0.8245810055865922,genuine
249,f0249,s0249,0.5955555555555555,genuine
250,f0250,s0250,0.6813186813186813,genuine
251,f0251,s0251,0.9559939301972686,genuine
252,f0252,s0252,0.7037037037037037,genuine
253,f0253,s0253,0.8202833706189411,genuine
254,f0254,s0254,0.7378378378378379,genuine
255,f0255,s0255,0.7610294117647058,genuine
256,f0256,s0256,0.51931330472103,genuine
257,f0257,s0257,0.3972602739726027,genuine
258,f0258,s0258,0.5673758865248227,genuine
259,f0259,s0259,0.9518716577540107,genuine
260,f0260,s0260,0.7368421052631579,genuine
261,f0261,s0261,0.7100977198697068,genuine
262,f0262,s0262,0.8175582990397805,genuine
263,f0263,s0263,0.7621082621082621,genuine
264,f0264,s0264,0.5795644891122278,genuine
265,f0265,s0265,0.8859180035650623,genuine
266,f0266,s0266,0.977645305514158,genuine
267,f0267,s0267,0.7674113009198423,genuine
268,f0268,s0268,0.6004548900682335,genuine
269,f0269,s0269,0.5803310613437196,genuine
270,f0270,s0270,0.43561973525872444,genuine
271,f0271,s0271,0.8351464435146444,genuine
272,f0272,s0272,0.7426400759734093,genuine
273,f0273,s0273,0.755741127348643,genuine
274,f0274,s0274,0.6078740157480315,genuine
275,f0275,s0275,0.3727598566308244,genuine
276,f0276,s0276,0.44993498049414826,genuine
277,f0277,s0277,0.6385896180215475,genuine
278,f0278,s0278,0.5595959595959596,genuine
279,f0279,s0279,0.627260083449235,genuine
280,f0280,s0280,0.7076923076923077,genuine
281,f0281,s0281,0.7860262008733624,genuine
282,f0282,s0282,0.8164464023494861,genuine
283,f0283,s0283,0.6357243319268636,genuine
284,f0284,s0284,0.7016191210485736,genuine
285,f0285,s0285,0.538647342995169,genuine
286,f0286,s0286,0.5565217391304348,genuine
287,f0287,s0287,0.7908309455587392,genuine
288,f0288,s0288,0.4971537001897533,genuine
289,f0289,s0289,0.6873385012919897,genuine
290,f0290,s0290,0.47309136420525655,genuine
291,f0291,s0291,0.5078125,genuine
292,f0292,s0292,0.5053995680345572,genuine
293,f0293,s0293,0.5864077669902913,genuine
294,f0294,s0294,0.6014492753623188,genuine
295,f0295,s0295,0.5038880248833593,genuine
296,f0296,s0296,0.5952677459526775,genuine
297,f0297,s0297,0.8797953964194374,genuine
298,f0298,s0298,0.8512396694214877,genuine
299,f0299,s0299,0.6726296958855098,genuine
300,f0300,s0300,0.7947295423023578,genuine
301,f0301,s0301,0.8822381262199089,genuine
302,f0302,s0302,0.6652126499454744,genuine
303,f0303,s0303,0.8155467720685112,genuine
304,f0304,s0304,0.45621181262729127,genuine
305,f0305,s0305,0.523121387283237,genuine
306,f0306,s0306,0.762157382847038,genuine
307,f0307,s0307,0.36984352773826457,genuine
308,f0308,s0308,0.8598665395614872,genuine
309,f0309,s0309,0.9429133858267716,genuine
310,f0310,s0310,0.9556354916067147,genuine
311,f0311,s0311,0.2818181818181818,genuine
312,f0312,s0312,0.5677655677655677,genuine
313,f0313,s0313,0.5235849056603774,genuine
314,f0314,s0314,0.7548387096774194,genuine
315,f0315,s0315,0.8061797752808989,genuine
316,f0316,s0316,0.6334519572953736,genuine
317,f0317,s0317,0.7183246073298429,genuine
318,f0318,s0318,0.7678767876787679,genuine
319,f0319,s0319,0.49063670411985016,genuine
320,f0320,s0320,0.633373934226553,genuine
321,f0321,s0321,0.7955801104972375,genuine
322,f0322,s0322,0.5794066317626527,genuine
323,f0323,s0323,0.6184049079754601,genuine
324,f0324,s0324,0.8367952522255193,genuine
325,f0325,s0325,0.9278557114228457,genuine
326,f0326,s0326,0.6907216494845361,genuine
327,f0327,s0327,0.6629834254143646,genuine
328,f0328,s0328,0.513715710723192,genuine
329,f0329,s0329,0.6698911729141476,genuine
330,f0330,s0330,0.7968923418423973,genuine
331,f0331,s0331,0.7037037037037037,genuine
332,f0332,s0332,0.8508863399374348,genuine
333,f0333,s0333,0.8496605237633366,genuine
334,f0334,s0334,0.7045454545454546,genuine
335,f0335,s0335,0.4648786717752235,genuine
336,f0336,s0336,0.695364238410596,genuine
337,f0337,s0337,0.7165644171779141,genuine
338,f0338,s0338,0.8267800212539851,genuine
339,f0339,s0339,0.9183895538628944,genuine
340,f0340,s0340,0.92894280762565,genuine
341,f0341,s0341,0.6606334841628959,genuine
342,f0342,s0342,0.7983706720977597,genuine
343,f0343,s0343,0.5496342737722049,genuine
344,f0344,s0344,0.6602739726027397,genuine
345,f0345,s0345,0.9117647058823529,genuine
346,f0346,s0346,0.8241639697950378,genuine
347,f0347,s0347,0.4261168384879725,genuine
348,f0348,s0348,0.7721369539551358,genuine
349,f0349,s0349,0.8836712913553896,genuine
350,f0350,s0350,0.6977443609022557,genuine
351,f0351,s0351,0.8656716417910447,genuine
352,f0352,s0352,0.5477888730385164,genuine
353,f0353,s0353,0.6819571865443425,genuine
354,f0354,s0354,0.9978798586572438,genuine
355,f0355,s0355,0.5858310626702997,genuine
356,f0356,s0356,0.5670789724072313,genuine
357,f0357,s0357,0.5813692480359147,genuine
358,f0358,s0358,0.765315739868049,genuine
359,f0359,s0359,0.6298076923076923,genuine
360,f0360,s0360,0.6750348675034867,genuine
361,f0361,s0361,0.6875612144955926,genuine
362,f0362,s0362,0.6033057851239669,genuine
363,f0363,s0363,0.6110484780157835,genuine
364,f0364,s0364,0.9946018893387314,genuine
365,f0365,s0365,0.8619402985074627,genuine
366,f0366,s0366,0.6658259773013872,genuine
367,f0367,s0367,0.5807327001356852,genuine
368,f0368,s0368,0.22756410256410256,genuine
369,f0369,s0369,0.8290258449304175,genuine
370,f0370,s0370,0.29473684210526313,genuine
371,f0371,s0371,0.6381418092909535,genuine
372,f0372,s0372,0.49281767955801103,genuine
373,f0373,s0373,0.7818181818181819,genuine
374,f0374,s0374,0.35944700460829493,genuine
375,f0375,s0375,0.5747126436781609,genuine
376,f0376,s0376,0.5728848114169215,genuine
377,f0377,s0377,1.066458982346833,genuine
378,f0378,s0378,0.6370217166494312,genuine
379,f0379,s0379,0.7275720164609053,genuine
380,f0380,s0380,0.9358426005132592,genuine
381,f0381,s0381,0.3953488372093023,genuine
382,f0382,s0382,0.5788561525129983,genuine
383,f0383,s0383,0.763855421686747,genuine
384,f0384,s0384,0.9425,genuine
385,f0385,s0385,0.5881326352530541,genuine
386,f0386,s0386,0.6958762886597938,genuine
387,f0387,s0387,0.8123195380173244,genuine
388,f0388,s0388,0.6995768688293371,genuine
389,f0389,s0389,0.7629204265791633,genuine
390,f0390,s0390,0.6622137404580153,genuine
391,f0391,s0391,0.6475409836065574,genuine
392,f0392,s0392,0.8546365914786967,genuine
393,f0393,s0393,0.6883629191321499,genuine
394,f0394,s0394,0.11247803163444639,genuine
395,f0395,s0395,0.8270874424720579,genuine
396,f0396,s0396,0.5547290116896918,genuine
397,f0397,s0397,0.563165905631659,genuine
398,f0398,s0398,0.6565517241379311,genuine
399,f0399,s0399,0.8497284248642124,genuine
400,f0400,s0400,0.5932885906040268,genuine
401,f0401,s0401,0.511482254697286,genuine
402,f0402,s0402,0.5038639876352395,genuine
403,f0403,s0403,0.823906083244397,genuine
404,f0404,s0404,0.7040498442367601,genuine
405,f0405,s0405,0.5747899159663865,genuine
406,f0406,s0406,0.5451151213441194,genuine
407,f0407,s0407,0.40365296803652967,genuine
408,f0408,s0408,0.627287853577371,genuine
409,f0409,s0409,0.8839615668883961,genuine
410,f0410,s0410,0.21148036253776434,genuine
411,f0411,s0411,0.6720321931589537,genuine
412,f0412,s0412,0.7469879518072289,genuine
413,f0413,s0413,0.6311926605504588,genuine
414,f0414,s0414,0.7466666666666667,genuine
415,f0415,s0415,0.6376518218623481,genuine
416,f0416,s0416,0.5860889395667047,genuine
417,f0417,s0417,0.6193724420190996,genuine
418,f0418,s0418,0.7248157248157249,genuine
419,f0419,s0419,0.19661016949152543,genuine
420,f0420,s0420,0.5513866231647635,genuine
421,f0421,s0421,0.5996810207336523,genuine
422,f0422,s0422,0.5585106382978723,genuine
423,f0423,s0423,0.9023090586145648,genuine
424,f0424,s0424,0.5954825462012321,genuine
425,f0425,s0425,0.2909090909090909,genuine
426,f0426,s0426,0.7053231939163498,genuine
427,f0427,s0427,0.9158741770299926,genuine
428,f0428,s0428,0.6553352219074599,genuine
429,f0429,s0429,0.6474358974358975,genuine
430,f0430,s0430,0.4840182648401826,genuine
431,f0431,s0431,0.826427771556551,genuine
432,f0432,s0432,0.5836298932384342,genuine
433,f0433,s0433,0.8898916967509025,genuine
434,f0434,s0434,0.6040061633281972,genuine
435,f0435,s0435,0.700497512437811,genuine
436,f0436,s0436,0.735658042744657,genuine
437,f0437,s0437,0.8260869565217391,genuine
438,f0438,s0438,0.6915191053122087,genuine
439,f0439,s0439,0.6614872364039955,genuine
440,f0440,s0440,0.5392265193370166,genuine
441,f0441,s0441,0.7701149425287356,genuine
442,f0442,s0442,0.8794612794612795,genuine
443,f0443,s0443,0.4036697247706422,genuine
444,f0444,s0444,0.4134831460674157,genuine
445,f0445,s0445,0.4816326530612245,genuine
446,f0446,s0446,0.6877192982456141,genuine
447,f0447,s0447,1.0114503816793894,genuine
448,f0448,s0448,0.46733668341708545,genuine
449,f0449,s0449,0.5675675675675675,genuine
450,f0450,s0450,0.9130434782608695,genuine
451,f0451,s0451,0.6692160611854685,genuine
452,f0452,s0452,0.7796234772978959,genuine
453,f0453,s0453,0.6420118343195266,genuine
454,f0454,s0454,0.6654040404040404,genuine
455,f0455,s0455,0.4334828101644245,genuine
456,f0456,s0456,0.768319763138416,genuine
457,f0457,s0457,0.6760098928277,genuine
458,f0458,s0458,0.6978723404255319,genuine
459,f0459,s0459,0.9525581395348838,genuine
460,f0460,s0460,0.7215496368038741,genuine
461,f0461,s0461,0.7612687813021702,genuine
462,f0462,s0462,0.8770685579196218,genuine
463,f0463,s0463,0.5989949748743718,genuine
464,f0464,s0464,0.6121673003802282,genuine
465,f0465,s0465,0.8292340126493324,genuine
466,f0466,s0466,0.7909433962264151,genuine
467,f0467,s0467,0.29046898638426627,genuine
468,f0468,s0468,0.6027820710973725,genuine
469,f0469,s0469,0.8043310131477185,genuine
470,f0470,s0470,0.4375,genuine
471,f0471,s0471,0.8653846153846154,genuine
472,f0472,s0472,0.7047619047619048,genuine
473,f0473,s0473,0.6637168141592921,genuine
474,f0474,s0474,0.8287671232876712,genuine
475,f0475,s0475,0.5824742268041238,genuine
476,f0476,s0476,0.5031446540880503,genuine
477,f0477,s0477,0.8145833333333333,genuine
478,f0478,s0478,0.8809523809523809,genuine
479,f0479,s0479,0.26639757820383453,genuine
480,f0480,s0480,0.7521739130434782,genuine
481,f0481,s0481,1.0709779179810726,genuine
482,f0482,s0482,0.6076759061833689,genuine
483,f0483,s0483,0.8368200836820083,genuine
484,f0484,s0484,0.792507204610951,genuine
485,f0485,s0485,0.7317535545023697,genuine
486,f0486,s0486,0.7086743044189853,genuine
487,f0487,s0487,0.677570093457944,genuine
488,f0488,s0488,0.7789232531500573,genuine
489,f0489,s0489,0.8964059196617337,genuine
490,f0490,s0490,0.6899841017488076,genuine
491,f0491,s0491,0.8143459915611815,genuine
492,f0492,s0492,0.7875894988066826,genuine
493,f0493,s0493,0.46958637469586373,genuine
494,f0494,s0494,0.6711051930758988,genuine
495,f0495,s0495,0.6119969627942293,genuine
496,f0496,s0496,0.8055207026348808,genuine
497,f0497,s0497,0.9521311475409836,genuine
498,f0498,s0498,0.5128205128205128,genuine
499,f0499,s0499,0.7511737089201878,genuine
500,f0500,s0500,0.9781659388646288,genuine
501,f0501,s0501,0.4904862579281184,genuine
502,f0502,s0502,0.7925531914893617,genuine
503,f0503,s0503,0.5532710280373832,genuine
504,f0504,s0504,0.9581304771178188,genuine
505,f0505,s0505,0.7816091954022989,genuine
506,f0506,s0506,0.8493150684931506,genuine
507,f0507,s0507,0.7475292003593891,genuine
508,f0508,s0508,0.49667774086378735,genuine
509,f0509,s0509,0.7301587301587301,genuine
510,f0510,s0510,0.5224787363304981,genuine
511,f0511,s0511,0.750402576489533,genuine
512,f0512,s0512,0.8171779141104294,genuine
513,f0513,s0513,0.6087912087912087,genuine
514,f0514,s0514,0.86438809261301,genuine
515,f0515,s0515,0.7373493975903614,genuine
516,f0516,s0516,0.9320543565147882,genuine
517,f0517,s0517,0.7312961011591148,genuine
518,f0518,s0518,0.6641318124207858,genuine
519,f0519,s0519,0.614406779661017,genuine
520,f0520,s0520,0.5586734693877551,genuine
521,f0521,s0521,0.5496828752642706,genuine
522,f0522,s0522,0.7389830508474576,genuine
523,f0523,s0523,0.7185741088180112,genuine
524,f0524,s0524,0.6826923076923077,genuine
525,f0525,s0525,0.9357798165137615,genuine
526,f0526,s0526,0.7963152507676561,genuine
527,f0527,s0527,0.8270106221547799,genuine
528,f0528,s0528,0.5083487940630798,genuine
529,f0529,s0529,0.449438202247191,genuine
530,f0530,s0530,0.8005502063273727,genuine
531,f0531,s0531,0.6690734055354994,genuine
532,f0532,s0532,0.7877507919746568,genuine
533,f0533,s0533,0.425531914893617,genuine
534,f0534,s0534,0.575197889182058,genuine
535,f0535,s0535,0.6445623342175066,genuine
536,f0536,s0536,0.3984526112185687,genuine
537,f0537,s0537,0.7406807131280388,genuine
538,f0538,s0538,0.7940354147250699,genuine
539,f0539,s0539,0.6607669616519174,genuine
540,f0540,s0540,0.8645640074211502,genuine
541,f0541,s0541,1.0565812983918998,genuine
542,f0542,s0542,0.5567226890756303,genuine
543,f0543,s0543,0.8393501805054152,genuine
544,f0544,s0544,0.48338368580060426,genuine
545,f0545,s0545,0.6847405112316034,genuine
546,f0546,s0546,0.4553483807654563,genuine
547,f0547,s0547,0.6441631504922645,genuine
548,f0548,s0548,0.6346153846153846,genuine
549,f0549,s0549,0.36947791164658633,genuine
550,f0550,s0550,0.6152324431256182,genuine
551,f0551,s0551,0.4609271523178808,genuine
552,f0552,s0552,0.769433465085639,genuine
553,f0553,s0553,0.5451559934318555,genuine
554,f0554,s0554,0.5187713310580204,genuine
555,f0555,s0555,0.7443408788282291,genuine
556,f0556,s0556,0.9663716814159292,genuine
557,f0557,s0557,0.8463949843260188,genuine
558,f0558,s0558,0.6009389671361502,genuine
559,f0559,s0559,0.7605083088954057,genuine
560,f0560,s0560,0.6277056277056277,genuine
561,f0561,s0561,0.77007700770077,genuine
562,f0562,s0562,0.4314868804664723,genuine
563,f0563,s0563,0.52,genuine
564,f0564,s0564,0.4249201277955272,genuine
565,f0565,s0565,0.8766114180478821,genuine
566,f0566,s0566,0.6379310344827587,genuine
567,f0567,s0567,0.7082683307332294,genuine
568,f0568,s0568,0.7869822485207101,genuine
569,f0569,s0569,0.9806094182825484,genuine
570,f0570,s0570,0.524904214559387,genuine
571,f0571,s0571,0.6782006920415224,genuine
572,f0572,s0572,0.860093896713615,genuine
573,f0573,s0573,0.6101694915254238,genuine
574,f0574,s0574,0.9893992932862191,genuine
575,f0575,s0575,0.5913410770855333,genuine
576,f0576,s0576,0.38028169014084506,genuine
577,f0577,s0577,0.6800401203610833,genuine
578,f0578,s0578,0.8005502063273727,genuine
579,f0579,s0579,0.5805168986083499,genuine
580,f0580,s0580,0.6062567421790723,genuine
581,f0581,s0581,0.7395993836671803,genuine
582,f0582,s0582,0.7477477477477478,genuine
583,f0583,s0583,0.740506329113924,genuine
584,f0584,s0584,0.7867383512544803,genuine
585,f0585,s0585,0.7392857142857143,genuine
586,f0586,s0586,0.35467980295566504,genuine
587,f0587,s0587,0.5619174434087882,genuine
588,f0588,s0588,0.7752403846153846,genuine
589,f0589,s0589,0.5327635327635327,genuine
590,f0590,s0590,0.7091503267973857,genuine
591,f0591,s0591,0.7731778425655976,genuine
592,f0592,s0592,0.5738539898132428,genuine
593,f0593,s0593,0.518918918918919,genuine
594,f0594,s0594,0.8624052004333694,genuine
595,f0595,s0595,0.6216216216216216,genuine
596,f0596,s0596,0.754880694143167,genuine
597,f0597,s0597,0.5800273597811217,genuine
598,f0598,s0598,0.9298486932599724,genuine
599,f0599,s0599,0.9034424853064652,genuine
600,f0600,s0600,0.8088088088088088,genuine
601,f0601,s0601,0.37303370786516854,genuine
602,f0602,s0602,0.6407079646017699,genuine
603,f0603,s0603,0.6924101198402131,genuine
604,f0604,s0604,0.6533066132264529,genuine
605,f0605,s0605,0.3146067415730337,genuine
606,f0606,s0606,0.4321608040201005,genuine
607,f0607,s0607,1.038701622971286,genuine
608,f0608,s0608,0.8571428571428571,genuine
609,f0609,s0609,0.6012578616352201,genuine
610,f0610,s0610,0.879399884593191,genuine
611,f0611,s0611,0.7676991150442478,genuine
612,f0612,s0612,0.8406226834692365,genuine
613,f0613,s0613,0.6986155484558041,genuine
614,f0614,s0614,0.3956989247311828,genuine
615,f0615,s0615,0.9210770659238626,genuine
616,f0616,s0616,0.812544547398432,genuine
617,f0617,s0617,0.6254927726675427,genuine
618,f0618,s0618,0.7195266272189349,genuine
619,f0619,s0619,1.11,genuine
620,f0620,s0620,0.6642201834862386,genuine
621,f0621,s0621,0.2909987669543773,genuine
622,f0622,s0622,0.6590621039290241,genuine
623,f0623,s0623,0.7563395810363837,genuine
624,f0624,s0624,0.7927350427350427,genuine
625,f0625,s0625,0.7668393782383419,genuine
626,f0626,s0626,0.6156462585034014,genuine
627,f0627,s0627,0.6932989690721649,genuine
628,f0628,s0628,0.772438803263826,genuine
629,f0629,s0629,0.4874551971326165,genuine
630,f0630,s0630,0.7514318442153494,genuine
631,f0631,s0631,0.7967213114754098,genuine
632,f0632,s0632,0.5092936802973977,genuine
633,f0633,s0633,0.69,genuine
634,f0634,s0634,0.7181628392484343,genuine
635,f0635,s0635,0.7753236862147753,genuine
636,f0636,s0636,0.7689741451209341,genuine
637,f0637,s0637,0.7187910643889619,genuine
638,f0638,s0638,0.720677146311971,genuine
639,f0639,s0639,0.8894348894348895,genuine
640,f0640,s0640,0.6604215456674473,genuine
641,f0641,s0641,0.3103953147877013,genuine
642,f0642,s0642,0.6709677419354839,genuine
643,f0643,s0643,0.6902086677367576,genuine
644,f0644,s0644,0.4696969696969697,genuine
645,f0645,s0645,0.7440559440559441,genuine
646,f0646,s0646,0.7768115942028986,genuine
647,f0647,s0647,0.5764192139737991,genuine
648,f0648,s0648,0.7962085308056872,genuine
649,f0649,s0649,0.5281473899692938,genuine
650,f0650,s0650,0.40924092409240925,genuine
651,f0651,s0651,0.5409015025041736,genuine
652,f0652,s0652,0.5858895705521472,genuine
653,f0653,s0653,0.7076923076923077,genuine
654,f0654,s0654,0.36086956521739133,genuine
655,f0655,s0655,0.6472564389697648,genuine
656,f0656,s0656,0.7790549169859514,genuine
657,f0657,s0657,0.7255689424364123,genuine
658,f0658,s0658,0.7981438515081206,genuine
659,f0659,s0659,0.9170305676855895,genuine
660,f0660,s0660,0.6652452025586354,genuine
661,f0661,s0661,0.6420021762785637,genuine
662,f0662,s0662,0.8875621890547264,genuine
663,f0663,s0663,0.8322496749024707,genuine
664,f0664,s0664,0.6368,genuine
665,f0665,s0665,0.780559646539028,genuine
666,f0666,s0666,0.8638573743922204,genuine
667,f0667,s0667,0.6593939393939394,genuine
668,f0668,s0668,0.9079118028534371,genuine
669,f0669,s0669,0.8854024556616644,genuine
670,f0670,s0670,0.908695652173913,genuine
671,f0671,s0671,0.8876755070202809,genuine
672,f0672,s0672,0.7736549165120594,genuine
673,f0673,s0673,0.5106837606837606,genuine
674,f0674,s0674,0.5595984943538268,genuine
675,f0675,s0675,0.5962059620596206,genuine
676,f0676,s0676,0.42053789731051344,genuine
677,f0677,s0677,0.6335697399527187,genuine
678,f0678,s0678,0.4362519201228879,genuine
679,f0679,s0679,0.7682403433476395,genuine
680,f0680,s0680,0.7395411605937922,genuine
681,f0681,s0681,0.6675824175824175,genuine
682,f0682,s0682,0.6305084745762712,genuine
683,f0683,s0683,0.751937984496124,genuine
684,f0684,s0684,0.843846949327818,genuine
685,f0685,s0685,0.9016666666666666,genuine
686,f0686,s0686,0.6733167082294265,genuine
687,f0687,s0687,0.6431718061674009,genuine
688,f0688,s0688,0.7801857585139319,genuine
689,f0689,s0689,0.6802973977695167,genuine
690,f0690,s0690,0.7815602836879433,genuine
691,f0691,s0691,0.7856485740570377,genuine
692,f0692,s0692,0.6742556917688266,genuine
693,f0693,s0693,0.9465776293823038,genuine
694,f0694,s0694,0.8874700718276137,genuine
695,f0695,s0695,0.753757225433526,genuine
696,f0696,s0696,0.6717557251908397,genuine
697,f0697,s0697,0.6416107382550336,genuine
698,f0698,s0698,0.7763347763347763,genuine
699,f0699,s0699,0.7708470124753776,genuine
700,f0700,s0700,0.9875389408099688,genuine
701,f0701,s0701,0.7490445859872611,genuine
702,f0702,s0702,0.4651600753295669,genuine
703,f0703,s0703,0.75,genuine
704,f0704,s0704,0.6238532110091743,genuine
705,f0705,s0705,0.9507640067911715,genuine
706,f0706,s0706,0.720168954593453,genuine
707,f0707,s0707,0.5584045584045584,genuine
708,f0708,s0708,0.8556149732620321,genuine
709,f0709,s0709,0.5839080459770115,genuine
710,f0710,s0710,0.4656964656964657,genuine
711,f0711,s0711,0.535064935064935,genuine
712,f0712,s0712,0.5229793977812995,genuine
713,f0713,s0713,0.3157894736842105,genuine
714,f0714,s0714,0.4502923976608187,genuine
715,f0715,s0715,0.5434782608695652,genuine
716,f0716,s0716,0.7166853303471444,genuine
717,f0717,s0717,0.6482758620689655,genuine
718,f0718,s0718,0.7645429362880887,genuine
719,f0719,s0719,0.45017182130584193,genuine
720,f0720,s0720,0.3840749414519906,genuine
721,f0721,s0721,0.8743789921930447,genuine
722,f0722,s0722,0.9150119142176331,genuine
723,f0723,s0723,0.9020807833537332,genuine
724,f0724,s0724,0.6531400966183575,genuine
725,f0725,s0725,0.5605590062111802,genuine
726,f0726,s0726,0.5146726862302483,genuine
727,f0727,s0727,0.6782608695652174,genuine
728,f0728,s0728,0.8203389830508474,genuine
729,f0729,s0729,0.5984251968503937,genuine
730,f0730,s0730,0.9908443540183113,genuine
731,f0731,s0731,0.13710879284649777,genuine
732,f0732,s0732,0.5266106442577031,genuine
733,f0733,s0733,0.3764705882352941,genuine
734,f0734,s0734,0.8788638262322472,genuine
735,f0735,s0735,0.7724550898203593,genuine
736,f0736,s0736,0.7862289831865492,genuine
737,f0737,s0737,0.6359447004608295,genuine
738,f0738,s0738,0.9800424628450106,genuine
739,f0739,s0739,0.7279344858962693,genuine
740,f0740,s0740,0.7787787787787788,genuine
741,f0741,s0741,0.6427320490367776,genuine
742,f0742,s0742,0.7593480345158198,genuine
743,f0743,s0743,0.9093078758949881,genuine
744,f0744,s0744,0.7457212713936431,genuine
745,f0745,s0745,0.7331786542923434,genuine
746,f0746,s0746,0.8905950095969289,genuine
747,f0747,s0747,0.24976700838769805,genuine
748,f0748,s0748,0.7598684210526315,genuine
749,f0749,s0749,0.34,genuine
750,f0750,s0750,0.6904422253922967,genuine
751,f0751,s0751,0.6925714285714286,genuine
752,f0752,s0752,0.9085768143261075,genuine
753,f0753,s0753,0.9632892804698973,genuine
754,f0754,s0754,0.8422053231939164,genuine
755,f0755,s0755,0.8623188405797102,genuine
756,f0756,s0756,0.7357774968394437,genuine
757,f0757,s0757,0.8598277212216131,genuine
758,f0758,s0758,0.8659574468085106,genuine
759,f0759,s0759,0.4144144144144144,genuine
760,f0760,s0760,0.8244084682440846,genuine
761,f0761,s0761,0.7497565725413826,genuine
762,f0762,s0762,0.8094302554027505,genuine
763,f0763,s0763,0.7291666666666666,genuine
764,f0764,s0764,0.579088471849866,genuine
765,f0765,s0765,0.4739093242087254,genuine
766,f0766,s0766,0.35405405405405405,genuine
767,f0767,s0767,0.5598705501618123,genuine
768,f0768,s0768,0.8337468982630273,genuine
769,f0769,s0769,0.9156626506024096,genuine
770,f0770,s0770,0.8424778761061947,genuine
771,f0771,s0771,0.6810344827586207,genuine
772,f0772,s0772,0.5019305019305019,genuine
773,f0773,s0773,0.3849056603773585,genuine
774,f0774,s0774,0.6585067319461444,genuine
775,f0775,s0775,0.8683274021352313,genuine
776,f0776,s0776,0.5261538461538462,genuine
777,f0777,s0777,0.9551503203548546,genuine
778,f0778,s0778,0.9356555394291244,genuine
779,f0779,s0779,0.6814310051107325,genuine
780,f0780,s0780,0.8827404479578392,genuine
781,f0781,s0781,0.538878842676311,genuine
782,f0782,s0782,0.7175757575757575,genuine
783,f0783,s0783,0.9239130434782609,genuine
784,f0784,s0784,0.3860103626943005,genuine
785,f0785,s0785,0.3657957244655582,genuine
786,f0786,s0786,0.8444444444444444,genuine
787,f0787,s0787,0.6084788029925187,genuine
788,f0788,s0788,0.9354346720894764,genuine
789,f0789,s0789,0.8435619735258725,genuine
790,f0790,s0790,0.6654343807763401,genuine
791,f0791,s0791,0.8170731707317073,genuine
792,f0792,s0792,0.8792111750205424,genuine
793,f0793,s0793,0.9596412556053812,genuine
794,f0794,s0794,0.6675824175824175,genuine
795,f0795,s0795,0.7495327102803738,genuine
796,f0796,s0796,0.9357798165137615,genuine
797,f0797,s0797,0.6094986807387863,genuine
798,f0798,s0798,0.8995215311004785,genuine
799,f0799,s0799,0.4444444444444444,genuine
800,f0800,s0800,0.6229508196721312,genuine
801,f0801,s0801,0.7043478260869566,genuine
802,f0802,s0802,0.6853658536585366,genuine
803,f0803,s0803,0.7941176470588235,genuine
804,f0804,s0804,0.8187793427230047,genuine
805,f0805,s0805,0.7335164835164835,genuine
806,f0806,s0806,0.7072072072072072,genuine
807,f0807,s0807,0.615595075239398,genuine
808,f0808,s0808,0.472636815920398,genuine
809,f0809,s0809,0.7240506329113924,genuine
810,f0810,s0810,0.6634146341463415,genuine
811,f0811,s0811,0.6221033868092691,genuine
812,f0812,s0812,0.773286467486819,genuine
813,f0813,s0813,0.5246376811594203,genuine
814,f0814,s0814,0.6294416243654822,genuine
815,f0815,s0815,0.45537757437070936,genuine
816,f0816,s0816,0.8594847775175644,genuine
817,f0817,s0817,0.5725490196078431,genuine
818,f0818,s0818,0.9416755037115588,genuine
819,f0819,s0819,0.7434402332361516,genuine
820,f0820,s0820,0.24922118380062305,genuine
821,f0821,s0821,0.7586206896551724,genuine
822,f0822,s0822,0.8017057569296375,genuine
823,f0823,s0823,0.6842767295597484,genuine
824,f0824,s0824,0.5434083601286174,genuine
825,f0825,s0825,0.7553041018387553,genuine
826,f0826,s0826,0.5529225908372828,genuine
827,f0827,s0827,0.7649301143583227,genuine
828,f0828,s0828,0.5520945220193341,genuine
829,f0829,s0829,0.911660777385159,genuine
830,f0830,s0830,0.7473309608540926,genuine
831,f0831,s0831,0.48945147679324896,genuine
832,f0832,s0832,0.65,genuine
833,f0833,s0833,0.5778229908443541,genuine
834,f0834,s0834,0.7401774397972116,genuine
835,f0835,s0835,0.5616264294790343,genuine
836,f0836,s0836,0.6092404072043853,genuine
837,f0837,s0837,0.8642857142857143,genuine
838,f0838,s0838,0.4223300970873786,genuine
839,f0839,s0839,0.9422028353326063,genuine
840,f0840,s0840,0.6346967559943583,genuine
841,f0841,s0841,0.5263157894736842,genuine
842,f0842,s0842,0.6429840142095915,genuine
843,f0843,s0843,0.9456342668863262,genuine
844,f0844,s0844,0.7877269881026926,genuine
845,f0845,s0845,0.7753001715265866,genuine
846,f0846,s0846,0.24579124579124578,genuine
847,f0847,s0847,0.7188264058679706,genuine
848,f0848,s0848,0.6446043165467625,genuine
849,f0849,s0849,1.0548367221195318,genuine
850,f0850,s0850,0.6610778443113773,genuine
851,f0851,s0851,0.7610837438423645,genuine
852,f0852,s0852,0.5407407407407407,genuine
853,f0853,s0853,0.4942084942084942,genuine
854,f0854,s0854,0.8015444015444015,genuine
855,f0855,s0855,0.5486725663716814,genuine
856,f0856,s0856,0.8486096807415036,genuine
857,f0857,s0857,0.7744433688286544,genuine
858,f0858,s0858,0.7222808870116156,genuine
859,f0859,s0859,0.5318066157760815,genuine
860,f0860,s0860,0.5679513184584178,genuine
861,f0861,s0861,0.5265760197775031,genuine
862,f0862,s0862,0.6430260047281324,genuine
863,f0863,s0863,0.7742899850523169,genuine
864,f0864,s0864,0.7074626865671642,genuine
865,f0865,s0865,0.8031496062992126,genuine
866,f0866,s0866,0.8005780346820809,genuine
867,f0867,s0867,0.8262108262108262,genuine
868,f0868,s0868,0.8564778898370831,genuine
869,f0869,s0869,0.6683982683982684,genuine
870,f0870,s0870,0.8522238163558106,genuine
871,f0871,s0871,0.7909967845659164,genuine
872,f0872,s0872,0.5932203389830508,genuine
873,f0873,s0873,0.8122866894197952,genuine
874,f0874,s0874,0.925281473899693,genuine
875,f0875,s0875,0.6511156186612576,genuine
876,f0876,s0876,0.7072463768115942,genuine
877,f0877,s0877,1.004566210045662,genuine
878,f0878,s0878,0.7269681742043551,genuine
879,f0879,s0879,0.9829059829059829,genuine
880,f0880,s0880,0.6426116838487973,genuine
881,f0881,s0881,0.7896995708154506,genuine
882,f0882,s0882,0.8074150360453141,genuine
883,f0883,s0883,0.7765700483091788,genuine
884,f0884,s0884,0.6520438683948155,genuine
885,f0885,s0885,0.7254464285714286,genuine
886,f0886,s0886,0.5433333333333333,genuine
887,f0887,s0887,0.6256983240223464,genuine
888,f0888,s0888,0.8815331010452961,genuine
889,f0889,s0889,0.4124223602484472,genuine
890,f0890,s0890,0.2079207920792079,genuine
891,f0891,s0891,0.7960199004975125,genuine
892,f0892,s0892,0.5582010582010583,genuine
893,f0893,s0893,0.6453744493392071,genuine
894,f0894,s0894,0.8279654359780048,genuine
895,f0895,s0895,0.9924242424242424,genuine
896,f0896,s0896,0.6895833333333333,genuine
897,f0897,s0897,0.4600715137067938,genuine
898,f0898,s0898,0.6972909305064782,genuine
899,f0899,s0899,0.6564327485380117,genuine
900,f0900,s0900,0.7287615148413511,genuine
901,f0901,s0901,0.5869565217391305,genuine
902,f0902,s0902,0.6323396567299007,genuine
903,f0903,s0903,0.8023793787177792,genuine
904,f0904,s0904,0.9824,genuine
905,f0905,s0905,0.7963800904977375,genuine
906,f0906,s0906,0.7087155963302753,genuine
907,f0907,s0907,0.8642951251646904,genuine
908,f0908,s0908,0.7518382352941176,genuine
909,f0909,s0909,0.9230769230769231,genuine
910,f0910,s0910,0.7016042780748664,genuine
911,f0911,s0911,0.9545454545454546,genuine
912,f0912,s0912,0.8360498561840843,genuine
913,f0913,s0913,0.6920332936979786,genuine
914,f0914,s0914,0.9369544131910766,genuine
915,f0915,s0915,0.9697508896797153,genuine
916,f0916,s0916,0.9269356597600873,genuine
917,f0917,s0917,0.8075880758807588,genuine
918,f0918,s0918,0.47775947281713343,genuine
919,f0919,s0919,0.6387596899224807,genuine
920,f0920,s0920,0.5926701570680628,genuine
921,f0921,s0921,0.814495254529767,genuine
922,f0922,s0922,0.656934306569343,genuine
923,f0923,s0923,0.5529411764705883,genuine
924,f0924,s0924,0.6511024643320363,genuine
925,f0925,s0925,0.23300970873786409,genuine
926,f0926,s0926,0.7268518518518519,genuine
927,f0927,s0927,0.378698224852071,genuine
928,f0928,s0928,0.6816326530612244,genuine
929,f0929,s0929,0.7869222096956031,genuine
930,f0930,s0930,0.6568986568986569,genuine
931,f0931,s0931,0.7571428571428571,genuine
932,f0932,s0932,0.42884990253411304,genuine
933,f0933,s0933,0.677390527256479,genuine
934,f0934,s0934,0.7392550143266475,genuine
935,f0935,s0935,0.417910447761194,genuine
936,f0936,s0936,0.43800322061191627,genuine
937,f0937,s0937,0.33495145631067963,genuine
938,f0938,s0938,0.4539877300613497,genuine
939,f0939,s0939,0.7141535615171137,genuine
940,f0940,s0940,0.5717884130982368,genuine
941,f0941,s0941,0.6176470588235294,genuine
942,f0942,s0942,0.6532180595581172,genuine
943,f0943,s0943,0.6260162601626016,genuine
944,f0944,s0944,0.3320754716981132,genuine
945,f0945,s0945,0.3333333333333333,genuine
946,f0946,s0946,0.7671232876712328,genuine
947,f0947,s0947,0.6370106761565836,genuine
948,f0948,s0948,0.6439024390243903,genuine
949,f0949,s0949,0.8178654292343387,genuine
950,f0950,s0950,0.5242718446601942,genuine
951,f0951,s0951,0.8077803203661327,genuine
952,f0952,s0952,0.585820895522388,genuine
953,f0953,s0953,0.6666666666666666,genuine
954,f0954,s0954,0.7955859169732002,genuine
955,f0955,s0955,0.49390243902439024,genuine
956,f0956,s0956,0.5401069518716578,genuine
957,f0957,s0957,0.5029469548133595,genuine
958,f0958,s0958,0.7714932126696833,genuine
959,f0959,s0959,0.9420160570918823,genuine
960,f0960,s0960,0.3080568720379147,genuine
961,f0961,s0961,0.7300150829562594,genuine
962,f0962,s0962,0.4439511653718091,genuine
963,f0963,s0963,0.7987577639751553,genuine
964,f0964,s0964,0.4964200477326969,genuine
965,f0965,s0965,0.7425474254742548,genuine
966,f0966,s0966,0.7141403865717192,genuine
967,f0967,s0967,0.6345381526104418,genuine
968,f0968,s0968,0.6796338672768879,genuine
969,f0969,s0969,0.7489911218724778,genuine
970,f0970,s0970,0.925531914893617,genuine
971,f0971,s0971,0.86810551558753,genuine
972,f0972,s0972,0.8316831683168316,genuine
973,f0973,s0973,0.619750283768445,genuine
974,f0974,s0974,1.0660660660660661,genuine
975,f0975,s0975,0.6646341463414634,genuine
976,f0976,s0976,0.7905824039653035,genuine
977,f0977,s0977,0.6522842639593909,genuine
978,f0978,s0978,0.6322115384615384,genuine
979,f0979,s0979,0.6234132581100141,genuine
980,f0980,s0980,0.7470817120622568,genuine
981,f0981,s0981,0.8442396313364056,genuine
982,f0982,s0982,1.069809610154125,genuine
983,f0983,s0983,0.6989374262101535,genuine
984,f0984,s0984,0.8255722178374112,genuine
985,f0985,s0985,0.4052532833020638,genuine
986,f0986,s0986,0.6317016317016317,genuine
987,f0987,s0987,0.3968253968253968,genuine
988,f0988,s0988,0.9465186680121089,genuine
989,f0989,s0989,0.6332794830371568,genuine
990,f0990,s0990,0.7257769652650823,genuine
991,f0991,s0991,0.5584905660377358,genuine
992,f0992,s0992,0.8559322033898306,genuine
993,f0993,s0993,0.9330572808833678,genuine
994,f0994,s0994,0.8969072164948454,genuine
995,f0995,s0995,0.6224719101123596,genuine
996,f0996,s0996,0.7462387161484454,genuine
997,f0997,s0997,0.8737151248164464,genuine
998,f0998,s0998,0.8780918727915195,genuine
999,f0999,s0999,0.7340301974448316,genuine
1000,f1000,s1000,0.9075937785910339,genuine
1001,f1001,s1001,0.6087824351297405,genuine
1002,f1002,s1002,0.9671052631578947,genuine
1003,f1003,s1003,0.7438356164383562,genuine
1004,f1004,s1004,0.8019704433497536,genuine
1005,f1005,s1005,0.6708860759493671,genuine
1006,f1006,s1006,0.8460732984293193,genuine
1007,f1007,s1007,0.8168498168498168,genuine
1008,f1008,s1008,0.6175298804780877,genuine
1009,f1009,s1009,0.589041095890411,genuine
1010,f1010,s1010,0.7964884277733439,genuine
1011,f1011,s1011,0.7046632124352331,genuine
1012,f1012,s1012,0.7501909854851031,genuine
1013,f1013,s1013,0.8265609514370664,genuine
1014,f1014,s1014,0.6920821114369502,genuine
1015,f1015,s1015,0.5923344947735192,genuine
1016,f1016,s1016,0.6918075422626788,genuine
1017,f1017,s1017,0.8820224719101124,genuine
1018,f1018,s1018,0.8622677770659833,genuine
1019,f1019,s1019,0.8994475138121547,genuine
1020,f1020,s1020,0.9053497942386831,genuine
1021,f1021,s1021,0.3705103969754253,genuine
1022,f1022,s1022,0.8081264108352144,genuine
1023,f1023,s1023,0.8258928571428571,genuine
1024,f1024,s1024,0.8975853455453788,genuine
1025,f1025,s1025,0.6733096085409253,genuine
1026,f1026,s1026,0.526071842410197,genuine
1027,f1027,s1027,0.9800173761946134,genuine
1028,f1028,s1028,0.47518796992481205,genuine
1029,f1029,s1029,0.6286438529784537,genuine
1030,f1030,s1030,0.7489361702127659,genuine
1031,f1031,s1031,0.945240101095198,genuine
1032,f1032,s1032,0.3624161073825503,genuine
1033,f1033,s1033,0.9072164948453608,genuine
1034,f1034,s1034,0.8760469011725294,genuine
1035,f1035,s1035,0.6106870229007634,genuine
1036,f1036,s1036,0.7442572741194488,genuine
1037,f1037,s1037,0.5090311986863711,genuine
1038,f1038,s1038,0.7152777777777778,genuine
1039,f1039,s1039,1.0099206349206349,genuine
1040,f1040,s1040,0.7082860385925085,genuine
1041,f1041,s1041,0.8645336963921034,genuine
1042,f1042,s1042,0.6257197696737045,genuine
1043,f1043,s1043,0.7644787644787645,genuine
1044,f1044,s1044,0.9924433249370277,genuine
1045,f1045,s1045,0.7935619314205739,genuine
1046,f1046,s1046,0.9624217118997912,genuine
1047,f1047,s1047,0.9293413173652695,genuine
1048,f1048,s1048,0.5166666666666667,genuine
1049,f1049,s1049,0.7301337529504327,genuine
1050,f1050,s1050,0.9239904988123515,genuine
1051,f1051,s1051,0.5676470588235294,genuine
1052,f1052,s1052,0.7727272727272727,genuine
1053,f1053,s1053,0.6923783287419651,genuine
1054,f1054,s1054,0.7196765498652291,genuine
1055,f1055,s1055,0.6658385093167701,genuine
1056,f1056,s1056,0.9031007751937985,genuine
1057,f1057,s1057,0.3464285714285714,genuine
1058,f1058,s1058,0.8296760710553814,genuine
1059,f1059,s1059,0.661849710982659,genuine
1060,f1060,s1060,0.7270029673590505,genuine
1061,f1061,s1061,0.7192008879023307,genuine
1062,f1062,s1062,0.6483704974271012,genuine
1063,f1063,s1063,0.6331168831168831,genuine
1064,f1064,s1064,0.5301837270341208,genuine
1065,f1065,s1065,0.7827102803738317,genuine
1066,f1066,s1066,0.6321353065539113,genuine
1067,f1067,s1067,0.7621052631578947,genuine
1068,f1068,s1068,0.7573770491803279,genuine
1069,f1069,s1069,1.047418335089568,genuine
1070,f1070,s1070,0.8179372197309417,genuine
1071,f1071,s1071,0.6108374384236454,genuine
1072,f1072,s1072,0.966190833959429,genuine
1073,f1073,s1073,0.6714456391875747,genuine
1074,f1074,s1074,0.6947890818858561,genuine
1075,f1075,s1075,0.8620689655172413,genuine
1076,f1076,s1076,0.7313432835820896,genuine
1077,f1077,s1077,0.5520833333333334,genuine
1078,f1078,s1078,1.016431924882629,genuine
1079,f1079,s1079,0.6985915492957746,genuine
1080,f1080,s1080,0.3640776699029126,genuine
1081,f1081,s1081,0.8095872170439414,genuine
1082,f1082,s1082,0.9042553191489362,genuine
1083,f1083,s1083,1.0045961917268549,genuine
1084,f1084,s1084,0.6471774193548387,genuine
1085,f1085,s1085,0.8870803662258393,genuine
1086,f1086,s1086,0.44329896907216493,genuine
1087,f1087,s1087,0.9030803906836965,genuine
1088,f1088,s1088,0.8093385214007782,genuine
1089,f1089,s1089,0.7069943289224953,genuine
1090,f1090,s1090,0.7622439893143366,genuine
1091,f1091,s1091,0.938347718865598,genuine
1092,f1092,s1092,0.8076152304609219,genuine
1093,f1093,s1093,0.6185185185185185,genuine
1094,f1094,s1094,0.7100175746924429,genuine
1095,f1095,s1095,0.8379272326350606,genuine
1096,f1096,s1096,0.4005102040816326,genuine
1097,f1097,s1097,0.6471019809244314,genuine
1098,f1098,s1098,0.7045454545454546,genuine
1099,f1099,s1099,0.5382059800664452,genuine
1100,f1100,s1100,0.9004255319148936,genuine
1101,f1101,s1101,0.6983655274888558,genuine
1102,f1102,s1102,0.6152149944873209,genuine
1103,f1103,s1103,0.7697031729785057,genuine
1104,f1104,s1104,0.7570900123304563,genuine
1105,f1105,s1105,0.3721518987341772,genuine
1106,f1106,s1106,0.8759757155247181,genuine
1107,f1107,s1107,0.5753715498938429,genuine
1108,f1108,s1108,0.46601941747572817,genuine
1109,f1109,s1109,0.5021795989537925,genuine
1110,f1110,s1110,0.5025380710659898,genuine
1111,f1111,s1111,0.7405978784956606,genuine
1112,f1112,s1112,0.5603644646924829,genuine
1113,f1113,s1113,0.8988173455978975,genuine
1114,f1114,s1114,0.871536523929471,genuine
1115,f1115,s1115,0.8463611859838275,genuine
1116,f1116,s1116,0.37292464878671777,genuine
1117,f1117,s1117,0.6054922973878097,genuine
1118,f1118,s1118,0.6271450858034321,genuine
1119,f1119,s1119,0.98464025869038,genuine
1120,f1120,s1120,0.5602605863192183,genuine
1121,f1121,s1121,0.5429553264604811,genuine
1122,f1122,s1122,0.6068796068796068,genuine
1123,f1123,s1123,0.658703071672355,genuine
1124,f1124,s1124,0.6275395033860045,genuine
1125,f1125,s1125,0.6477732793522267,genuine
1126,f1126,s1126,0.6167557932263814,genuine
1127,f1127,s1127,0.9001447178002895,genuine
1128,f1128,s1128,0.7782101167315175,genuine
1129,f1129,s1129,0.3532219570405728,genuine
1130,f1130,s1130,0.903370786516854,genuine
1131,f1131,s1131,0.26359832635983266,genuine
1132,f1132,s1132,0.7361002349256069,genuine
1133,f1133,s1133,0.7768421052631579,genuine
1134,f1134,s1134,0.9085501858736059,genuine
1135,f1135,s1135,0.312625250501002,genuine
1136,f1136,s1136,0.6700507614213198,genuine
1137,f1137,s1137,0.776255707762557,genuine
1138,f1138,s1138,0.6852678571428571,genuine
1139,f1139,s1139,0.7508771929824561,genuine
1140,f1140,s1140,0.7880794701986755,genuine
1141,f1141,s1141,0.9115734720416124,genuine
1142,f1142,s1142,0.6185185185185185,genuine
1143,f1143,s1143,0.7806451612903226,genuine
1144,f1144,s1144,0.6153846153846154,genuine
1145,f1145,s1145,0.7091891891891892,genuine
1146,f1146,s1146,0.9328802039082413,genuine
1147,f1147,s1147,0.7054908485856906,genuine
1148,f1148,s1148,0.9024154589371981,genuine
1149,f1149,s1149,0.8369477911646587,genuine
1150,f1150,s1150,0.8166089965397924,genuine
1151,f1151,s1151,0.751500600240096,genuine
1152,f1152,s1152,0.7486744432661718,genuine
1153,f1153,s1153,0.6904458598726114,genuine
1154,f1154,s1154,0.7504990019960079,genuine
1155,f1155,s1155,0.4329896907216495,genuine
1156,f1156,s1156,0.9059500959692899,genuine
1157,f1157,s1157,0.7598784194528876,genuine
1158,f1158,s1158,0.9977528089887641,genuine
1159,f1159,s1159,0.8972746331236897,genuine
1160,f1160,s1160,0.4194053208137715,genuine
1161,f1161,s1161,0.6987951807228916,genuine
1162,f1162,s1162,0.7814726840855107,genuine
1163,f1163,s1163,0.42409638554216866,genuine
1164,f1164,s1164,0.4044489383215369,genuine
1165,f1165,s1165,0.9906137184115523,genuine
1166,f1166,s1166,0.6339410939691444,genuine
1167,f1167,s1167,0.4583941605839416,genuine
1168,f1168,s1168,0.6077481840193705,genuine
1169,f1169,s1169,0.695364238410596,genuine
1170,f1170,s1170,0.65311004784689,genuine
1171,f1171,s1171,0.7800829875518672,genuine
1172,f1172,s1172,0.4652777777777778,genuine
1173,f1173,s1173,0.8021178027796162,genuine
1174,f1174,s1174,1.0422993492407808,genuine
1175,f1175,s1175,0.593192868719611,genuine
1176,f1176,s1176,0.8029818956336529,genuine
1177,f1177,s1177,0.7844611528822055,genuine
1178,f1178,s1178,0.7615894039735099,genuine
1179,f1179,s1179,0.8134092346616065,genuine
1180,f1180,s1180,0.43859649122807015,genuine
1181,f1181,s1181,0.6224598930481283,genuine
1182,f1182,s1182,0.8938807126258714,genuine
1183,f1183,s1183,0.8885017421602788,genuine
1184,f1184,s1184,0.7128491620111732,genuine
1185,f1185,s1185,0.7449078564500485,genuine
1186,f1186,s1186,0.9569377990430622,genuine
1187,f1187,s1187,0.7270094134685011,genuine
1188,f1188,s1188,0.7439293598233996,genuine
1189,f1189,s1189,0.33666666666666667,genuine
1190,f1190,s1190,0.657762938230384,genuine
1191,f1191,s1191,0.7906976744186046,genuine
1192,f1192,s1192,0.49480968858131485,genuine
1193,f1193,s1193,0.7464324917672887,genuine
1194,f1194,s1194,0.8335588633288228,genuine
1195,f1195,s1195,0.7799841143764893,genuine
1196,f1196,s1196,0.5907120743034056,genuine
1197,f1197,s1197,0.4844290657439446,genuine
1198,f1198,s1198,0.4723756906077348,genuine
1199,f1199,s1199,0.852394916911046,genuine
1200,f1200,s1200,0.4183835182250396,genuine
1201,f1201,s1201,0.8276465441819773,genuine
1202,f1202,s1202,0.6272727272727273,genuine
1203,f1203,s1203,0.7474267616785432,genuine
1204,f1204,s1204,0.6485819975339088,genuine
1205,f1205,s1205,0.3942307692307692,genuine
1206,f1206,s1206,0.774555659494855,genuine
1207,f1207,s1207,0.6877828054298643,genuine
1208,f1208,s1208,0.9530075187969925,genuine
1209,f1209,s1209,0.8357771260997068,genuine
1210,f1210,s1210,0.7756939234808702,genuine
1211,f1211,s1211,0.6703296703296703,genuine
1212,f1212,s1212,0.6111771700356718,genuine
1213,f1213,s1213,0.6178861788617886,genuine
1214,f1214,s1214,0.7874015748031497,genuine
1215,f1215,s1215,1.0195652173913043,genuine
1216,f1216,s1216,0.6235294117647059,genuine
1217,f1217,s1217,0.8288822947576657,genuine
1218,f1218,s1218,0.7251461988304093,genuine
1219,f1219,s1219,0.9668688754083061,genuine
1220,f1220,s1220,0.8118609406952966,genuine
1221,f1221,s1221,0.8320413436692506,genuine
1222,f1222,s1222,0.4686192468619247,genuine
1223,f1223,s1223,0.8751139471285324,genuine
1224,f1224,s1224,0.7139175257731959,genuine
1225,f1225,s1225,0.5972396486825596,genuine
1226,f1226,s1226,0.5749613601236476,genuine
1227,f1227,s1227,0.9595872742906277,genuine
1228,f1228,s1228,0.7098901098901099,genuine
1229,f1229,s1229,0.8256880733944955,genuine
1230,f1230,s1230,0.7286063569682152,genuine
1231,f1231,s1231,0.5751295336787565,genuine
1232,f1232,s1232,0.630071599045346,genuine
1233,f1233,s1233,0.6276923076923077,genuine
1234,f1234,s1234,0.870026525198939,genuine
1235,f1235,s1235,0.6521739130434783,genuine
1236,f1236,s1236,0.7949101796407185,genuine
1237,f1237,s1237,0.8611481975967957,genuine
1238,f1238,s1238,0.8111888111888111,genuine
1239,f1239,s1239,0.6291666666666667,genuine
1240,f1240,s1240,0.6130374479889042,genuine
1241,f1241,s1241,0.8141176470588235,genuine
1242,f1242,s1242,0.8080495356037152,genuine
1243,f1243,s1243,0.696078431372549,genuine
1244,f1244,s1244,0.3811764705882353,genuine
1245,f1245,s1245,0.6291739894551845,genuine
1246,f1246,s1246,0.7039473684210527,genuine
1247,f1247,s1247,0.8013757523645744,genuine
1248,f1248,s1248,0.76,genuine
1249,f1249,s1249,0.5768621236133122,genuine
1250,f1250,s1250,0.42563482466747277,genuine
1251,f1251,s1251,0.5589519650655022,genuine
1252,f1252,s1252,0.7553551296505073,genuine
1253,f1253,s1253,0.5452196382428941,genuine
1254,f1254,s1254,0.4979919678714859,genuine
1255,f1255,s1255,0.3900414937759336,genuine
1256,f1256,s1256,0.6683046683046683,genuine
1257,f1257,s1257,0.9811584089323099,genuine
1258,f1258,s1258,0.5508771929824562,genuine
1259,f1259,s1259,0.5952380952380952,genuine
1260,f1260,s1260,0.6531645569620254,genuine
1261,f1261,s1261,0.7807606263982103,genuine
1262,f1262,s1262,0.6887182516243355,genuine
1263,f1263,s1263,0.678396871945259,genuine
1264,f1264,s1264,0.4774193548387097,genuine
1265,f1265,s1265,0.7942477876106194,genuine
1266,f1266,s1266,0.8972142170989433,genuine
1267,f1267,s1267,0.8326530612244898,genuine
1268,f1268,s1268,0.8329853862212944,genuine
1269,f1269,s1269,0.7941567065073041,genuine
1270,f1270,s1270,0.6875753920386007,genuine
1271,f1271,s1271,0.3592814371257485,genuine
1272,f1272,s1272,0.8846153846153846,genuine
1273,f1273,s1273,0.7681159420289855,genuine
1274,f1274,s1274,0.804953560371517,genuine
1275,f1275,s1275,0.7,genuine
1276,f1276,s1276,0.6138613861386139,genuine
1277,f1277,s1277,0.7002724795640327,genuine
1278,f1278,s1278,0.5507246376811594,genuine
1279,f1279,s1279,0.6200980392156863,genuine
1280,f1280,s1280,0.8147389969293757,genuine
1281,f1281,s1281,0.6561514195583596,genuine
1282,f1282,s1282,0.5012165450121655,genuine
1283,f1283,s1283,0.6395173453996983,genuine
1284,f1284,s1284,0.9295039164490861,genuine
1285,f1285,s1285,0.8558951965065502,genuine
1286,f1286,s1286,0.8356713426853707,genuine
1287,f1287,s1287,0.8555708390646493,genuine
1288,f1288,s1288,0.6536144578313253,genuine
1289,f1289,s1289,0.5844155844155844,genuine
1290,f1290,s1290,0.38235294117647056,genuine
1291,f1291,s1291,0.8567073170731707,genuine
1292,f1292,s1292,0.7135362014690452,genuine
1293,f1293,s1293,0.5593495934959349,genuine
1294,f1294,s1294,0.8940754039497307,genuine
1295,f1295,s1295,0.4271356783919598,genuine
1296,f1296,s1296,0.7716727716727717,genuine
1297,f1297,s1297,0.8065693430656934,genuine
1298,f1298,s1298,0.5263157894736842,genuine
1299,f1299,s1299,0.8776978417266187,genuine
1300,f1300,s1300,0.46801872074882994,genuine
1301,f1301,s1301,0.9607250755287009,genuine
1302,f1302,s1302,0.9992429977289932,genuine
1303,f1303,s1303,0.792156862745098,genuine
1304,f1304,s1304,0.3047091412742382,genuine
1305,f1305,s1305,0.8176638176638177,genuine
1306,f1306,s1306,0.8005952380952381,genuine
1307,f1307,s1307,0.8140096618357487,genuine
1308,f1308,s1308,1.1089285714285715,genuine
1309,f1309,s1309,0.6452762923351159,genuine
1310,f1310,s1310,0.6648936170212766,genuine
1311,f1311,s1311,0.7534328358208955,genuine
1312,f1312,s1312,0.8567375886524823,genuine
1313,f1313,s1313,0.793070259865255,genuine
1314,f1314,s1314,0.614190687361419,genuine
1315,f1315,s1315,0.9152249134948097,genuine
1316,f1316,s1316,0.5695509309967142,genuine
1317,f1317,s1317,0.64075382803298,genuine
1318,f1318,s1318,0.8958990536277602,genuine
1319,f1319,s1319,0.6831812255541069,genuine
1320,f1320,s1320,0.5244299674267101,genuine
1321,f1321,s1321,0.4778481012658228,genuine
1322,f1322,s1322,0.733286418015482,genuine
1323,f1323,s1323,0.8650137741046832,genuine
1324,f1324,s1324,0.8304498269896193,genuine
1325,f1325,s1325,0.7694090382387022,genuine
1326,f1326,s1326,0.6206896551724138,genuine
1327,f1327,s1327,0.6116838487972509,genuine
1328,f1328,s1328,0.8458559256390396,genuine
1329,f1329,s1329,0.8373266078184111,genuine
1330,f1330,s1330,0.8787185354691075,genuine
1331,f1331,s1331,0.6791569086651054,genuine
1332,f1332,s1332,0.8711194731890874,genuine
1333,f1333,s1333,0.9587786259541985,genuine
1334,f1334,s1334,0.6456692913385826,genuine
1335,f1335,s1335,0.6838602329450915,genuine
1336,f1336,s1336,0.9966442953020134,genuine
1337,f1337,s1337,0.7846441947565543,genuine
1338,f1338,s1338,0.4972170686456401,genuine
1339,f1339,s1339,0.28112449799196787,genuine
1340,f1340,s1340,0.27848101265822783,genuine
1341,f1341,s1341,0.6164978292329957,genuine
1342,f1342,s1342,0.9008264462809917,genuine
1343,f1343,s1343,0.565625,genuine
1344,f1344,s1344,0.5398773006134969,genuine
1345,f1345,s1345,0.7132667617689016,genuine
1346,f1346,s1346,0.8080808080808081,genuine
1347,f1347,s1347,1.0340836012861736,genuine
1348,f1348,s1348,0.4266666666666667,genuine
1349,f1349,s1349,0.600297176820208,genuine
1350,f1350,s1350,0.42748091603053434,genuine
1351,f1351,s1351,0.8596750369276218,genuine
1352,f1352,s1352,0.7068723702664796,genuine
1353,f1353,s1353,0.5824964131994261,genuine
1354,f1354,s1354,0.5542168674698795,genuine
1355,f1355,s1355,0.7995570321151716,genuine
1356,f1356,s1356,0.8935532233883059,genuine
1357,f1357,s1357,0.7309352517985611,genuine
1358,f1358,s1358,0.4629981024667932,genuine
1359,f1359,s1359,0.6427586206896552,genuine
1360,f1360,s1360,0.7431192660550459,genuine
1361,f1361,s1361,0.9162995594713657,genuine
1362,f1362,s1362,0.5916870415647921,genuine
1363,f1363,s1363,0.4831932773109244,genuine
1364,f1364,s1364,0.8206144697720515,genuine
1365,f1365,s1365,0.7512520868113522,genuine
1366,f1366,s1366,0.8,genuine
1367,f1367,s1367,0.5069124423963134,genuine
1368,f1368,s1368,0.6977829638273045,genuine
1369,f1369,s1369,0.6427931960608774,genuine
1370,f1370,s1370,0.5269461077844312,genuine
1371,f1371,s1371,0.6146645865834633,genuine
1372,f1372,s1372,0.7527272727272727,genuine
1373,f1373,s1373,0.6841379310344827,genuine
1374,f1374,s1374,0.8809766022380467,genuine
1375,f1375,s1375,0.6003210272873194,genuine
1376,f1376,s1376,0.6601178781925344,genuine
1377,f1377,s1377,0.8073496659242761,genuine
1378,f1378,s1378,0.7955689828801611,genuine
1379,f1379,s1379,0.4230118443316413,genuine
1380,f1380,s1380,0.6046511627906976,genuine
1381,f1381,s1381,0.674884437596302,genuine
1382,f1382,s1382,0.8506787330316742,genuine
1383,f1383,s1383,0.7628053585500394,genuine
1384,f1384,s1384,0.49743062692702983,genuine
1385,f1385,s1385,0.5714285714285714,genuine
1386,f1386,s1386,0.6467817896389325,genuine
1387,f1387,s1387,0.987724268177526,genuine
1388,f1388,s1388,0.89,genuine
1389,f1389,s1389,0.5268456375838926,genuine
1390,f1390,s1390,0.666005946481665,genuine
1391,f1391,s1391,0.9023090586145648,genuine
1392,f1392,s1392,0.9010309278350516,genuine
1393,f1393,s1393,0.572987721691678,genuine
1394,f1394,s1394,0.5572052401746724,genuine
1395,f1395,s1395,0.7320125130344108,genuine
1396,f1396,s1396,0.576889661164205,genuine
1397,f1397,s1397,0.7001733102253033,genuine
1398,f1398,s1398,0.6883720930232559,genuine
1399,f1399,s1399,0.9660512209648601,genuine
1400,f1400,s1400,0.7410852713178294,genuine
1401,f1401,s1401,0.46050420168067224,genuine
1402,f1402,s1402,0.7848341232227488,genuine
1403,f1403,s1403,0.8226637233259749,genuine
1404,f1404,s1404,0.7413333333333333,genuine
1405,f1405,s1405,0.6925925925925925,genuine
1406,f1406,s1406,0.6634304207119741,genuine
1407,f1407,s1407,0.49248554913294795,genuine
1408,f1408,s1408,0.6103739445114595,genuine
1409,f1409,s1409,0.5386221294363257,genuine
1410,f1410,s1410,0.5660377358490566,genuine
1411,f1411,s1411,0.6194225721784777,genuine
1412,f1412,s1412,0.4944237918215613,genuine
1413,f1413,s1413,0.6431034482758621,genuine
1414,f1414,s1414,0.2553191489361702,genuine
1415,f1415,s1415,0.7632620744259699,genuine
1416,f1416,s1416,0.7256281407035176,genuine
1417,f1417,s1417,0.6788990825688074,genuine
1418,f1418,s1418,0.9067961165048544,genuine
1419,f1419,s1419,0.6015625,genuine
1420,f1420,s1420,0.7672188317349607,genuine
1421,f1421,s1421,0.5595567867036011,genuine
1422,f1422,s1422,0.5804274465691789,genuine
1423,f1423,s1423,0.6028776978417266,genuine
1424,f1424,s1424,0.525974025974026,genuine
1425,f1425,s1425,0.7059814658803707,genuine
1426,f1426,s1426,0.6875816993464052,genuine
1427,f1427,s1427,0.8638589618021547,genuine
1428,f1428,s1428,0.8028545941123997,genuine
1429,f1429,s1429,0.9360995850622407,genuine
1430,f1430,s1430,0.8190925162050677,genuine
1431,f1431,s1431,0.6297520661157024,genuine
1432,f1432,s1432,0.8684863523573201,genuine
1433,f1433,s1433,0.691114245416079,genuine
1434,f1434,s1434,0.5813253012048193,genuine
1435,f1435,s1435,0.7848101265822784,genuine
1436,f1436,s1436,0.45695364238410596,genuine
1437,f1437,s1437,0.6163141993957704,genuine
1438,f1438,s1438,0.8828633405639913,genuine
1439,f1439,s1439,0.5714285714285714,genuine
1440,f1440,s1440,0.3558282208588957,genuine
1441,f1441,s1441,0.43342036553524804,genuine
1442,f1442,s1442,0.8626465661641541,genuine
1443,f1443,s1443,0.8017543859649123,genuine
1444,f1444,s1444,0.5723076923076923,genuine
1445,f1445,s1445,0.7245901639344262,genuine
1446,f1446,s1446,0.4111888111888112,genuine
1447,f1447,s1447,0.5016722408026756,genuine
1448,f1448,s1448,0.4981132075471698,genuine
1449,f1449,s1449,0.8033240997229917,genuine
1450,f1450,s1450,0.8955026455026455,genuine
1451,f1451,s1451,0.6104553119730185,genuine
1452,f1452,s1452,0.8860164512338425,genuine
1453,f1453,s1453,0.5440313111545988,genuine
1454,f1454,s1454,0.8085443037974683,genuine
1455,f1455,s1455,0.46372688477951635,genuine
1456,f1456,s1456,0.8443908323281062,genuine
1457,f1457,s1457,0.8134878819810326,genuine
1458,f1458,s1458,0.6435754189944134,genuine
1459,f1459,s1459,0.8115942028985508,genuine
1460,f1460,s1460,0.6421299921691465,genuine
1461,f1461,s1461,0.920704845814978,genuine
1462,f1462,s1462,0.5680272108843537,genuine
1463,f1463,s1463,0.7731397459165155,genuine
1464,f1464,s1464,0.3782894736842105,genuine
1465,f1465,s1465,0.5616045845272206,genuine
1466,f1466,s1466,0.7238095238095238,genuine
1467,f1467,s1467,0.7927461139896373,genuine
1468,f1468,s1468,0.8194297782470961,genuine
1469,f1469,s1469,0.9256410256410257,genuine
1470,f1470,s1470,0.8758915834522111,genuine
1471,f1471,s1471,0.7193548387096774,genuine
1472,f1472,s1472,0.9395413481584434,genuine
1473,f1473,s1473,0.6739367502726281,genuine
1474,f1474,s1474,0.8901515151515151,genuine
1475,f1475,s1475,0.6192619261926192,genuine
1476,f1476,s1476,0.7638036809815951,genuine
1477,f1477,s1477,0.580327868852459,genuine
1478,f1478,s1478,0.6400817995910021,genuine
1479,f1479,s1479,0.534923339011925,genuine
1480,f1480,s1480,0.7730496453900709,genuine
1481,f1481,s1481,0.6961770623742455,genuine
1482,f1482,s1482,0.9796238244514106,genuine
1483,f1483,s1483,0.8751879699248121,genuine
1484,f1484,s1484,0.9241379310344827,genuine
1485,f1485,s1485,0.43636363636363634,genuine
1486,f1486,s1486,0.7576470588235295,genuine
1487,f1487,s1487,0.7007299270072993,genuine
1488,f1488,s1488,0.7341337907375644,genuine
1489,f1489,s1489,0.6241721854304636,genuine
1490,f1490,s1490,0.842391304347826,genuine
1491,f1491,s1491,0.6242774566473989,genuine
1492,f1492,s1492,0.6685878962536023,genuine
1493,f1493,s1493,0.7737003058103975,genuine
1494,f1494,s1494,0.8008327550312283,genuine
1495,f1495,s1495,0.49193548387096775,genuine
1496,f1496,s1496,0.8952551477170994,genuine
1497,f1497,s1497,0.6372443487621098,genuine
1498,f1498,s1498,0.660436137071651,genuine
1499,f1499,s1499,0.34368530020703936,genuine
1500,f1500,s1500,0.75,genuine
1501,f1501,s1127,0.5257936507936508,impostor
1502,f1502,s1460,0.6004922067268252,impostor
1503,f1503,s0861,0.7959372114496768,impostor
1504,f1504,s1295,0.5116772823779193,impostor
1505,f1505,s1131,0.6606786427145709,impostor
1506,f1506,s1096,0.46808510638297873,impostor
1507,f1507,s1725,0.8080229226361032,impostor
1508,f1508,s1045,0.5924092409240924,impostor
1509,f1509,s1639,0.727741935483871,impostor
1510,f1510,s0122,0.9172297297297297,impostor
1511,f1511,s0467,0.8478847884788479,impostor
1512,f1512,s1239,0.5283757338551859,impostor
1513,f1513,s0331,0.8160919540229885,impostor
1514,f1514,s1483,0.30716723549488056,impostor
1515,f1515,s0088,0.6607773851590106,impostor
1516,f1516,s1397,0.6967930029154519,impostor
1517,f1517,s1124,0.7653910149750416,impostor
1518,f1518,s0872,0.5742251223491027,impostor
1519,f1519,s1688,0.524,impostor
1520,f1520,s0131,0.49324324324324326,impostor
1521,f1521,s1686,0.8125594671741199,impostor
1522,f1522,s1333,0.25405405405405407,impostor
1523,f1523,s0770,0.8559670781893004,impostor
1524,f1524,s0344,0.6022187004754358,impostor
1525,f1525,s1516,0.4008714596949891,impostor
1526,f1526,s1438,0.42071197411003236,impostor
1527,f1527,s0806,0.4741721854304636,impostor
1528,f1528,s0386,0.8638297872340426,impostor
1529,f1529,s1216,0.7067357512953368,impostor
1530,f1530,s0956,0.6479902557856273,impostor
1531,f1531,s0277,0.977027027027027,impostor
1532,f1532,s1185,0.7317073170731707,impostor
1533,f1533,s0460,0.7537511032656664,impostor
1534,f1534,s1338,0.8675555555555555,impostor
1535,f1535,s0022,0.32806804374240583,impostor
1536,f1536,s0253,0.6194368755676658,impostor
1537,f1537,s0748,0.7471451876019576,impostor
1538,f1538,s0857,0.8805346700083542,impostor
1539,f1539,s1585,0.28512396694214875,impostor
1540,f1540,s0475,0.7875125881168177,impostor
1541,f1541,s1083,0.6281138790035588,impostor
1542,f1542,s0511,0.7572293207800942,impostor
1543,f1543,s1706,0.6276923076923077,impostor
1544,f1544,s1500,0.7053291536050157,impostor
1545,f1545,s0700,0.8171828171828172,impostor
1546,f1546,s0976,0.20295566502463055,impostor
1547,f1547,s1807,0.4248062015503876,impostor
1548,f1548,s0190,0.4657236126224157,impostor
1549,f1549,s0958,0.3968253968253968,impostor
1550,f1550,s0687,0.6441631504922645,impostor
1551,f1551,s0958,0.8493150684931506,impostor
1552,f1552,s0563,0.7166504381694255,impostor
1553,f1553,s1900,0.7547169811320755,impostor
1554,f1554,s1591,0.4342379958246347,impostor
1555,f1555,s1268,0.3696027633851468,impostor
1556,f1556,s0832,0.6790450928381963,impostor
1557,f1557,s1529,0.676737160120846,impostor
1558,f1558,s1155,0.728494623655914,impostor
1559,f1559,s1509,0.9642529789184234,impostor
1560,f1560,s1843,0.1906005221932115,impostor
1561,f1561,s0647,0.5042735042735043,impostor
1562,f1562,s0021,0.5630573248407643,impostor
1563,f1563,s0841,0.5679389312977099,impostor
1564,f1564,s0167,0.5302445302445302,impostor
1565,f1565,s1298,0.8246597277822257,impostor
1566,f1566,s0388,0.5276292335115864,impostor
1567,f1567,s0601,0.3936781609195402,impostor
1568,f1568,s0316,0.6417445482866043,impostor
1569,f1569,s0014,0.8022206800832755,impostor
1570,f1570,s0242,0.66,impostor
1571,f1571,s0777,0.8373235113566605,impostor
1572,f1572,s1370,0.6944444444444444,impostor
1573,f1573,s0565,0.587467362924282,impostor
1574,f1574,s0898,0.5561797752808989,impostor
1575,f1575,s1364,0.7053854276663146,impostor
1576,f1576,s0092,0.4196242171189979,impostor
1577,f1577,s1391,0.753968253968254,impostor
1578,f1578,s0956,0.5609436435124509,impostor
1579,f1579,s1479,0.6176046176046176,impostor
1580,f1580,s1452,0.6123076923076923,impostor
1581,f1581,s0509,0.34300126103404793,impostor
1582,f1582,s0776,0.7107438016528925,impostor
1583,f1583,s1967,0.7762478485370051,impostor
1584,f1584,s0035,0.3176178660049628,impostor
1585,f1585,s0206,0.888045540796964,impostor
1586,f1586,s1105,0.5159165751920965,impostor
1587,f1587,s1956,0.8675914249684742,impostor
1588,f1588,s1586,0.5228519195612431,impostor
1589,f1589,s1896,0.5253456221198156,impostor
1590,f1590,s1412,0.5449591280653951,impostor
1591,f1591,s1026,0.6287471176018448,impostor
1592,f1592,s1022,0.4554744525547445,impostor
1593,f1593,s1414,0.5377942998760843,impostor
1594,f1594,s0566,0.6338797814207651,impostor
1595,f1595,s1130,0.43728813559322033,impostor
1596,f1596,s1796,0.8083623693379791,impostor
1597,f1597,s1846,0.5107084019769358,impostor
1598,f1598,s1501,0.38675496688741723,impostor
1599,f1599,s0703,0.8205533596837945,impostor
1600,f1600,s0402,0.5585106382978723,impostor
1601,f1601,s0730,1.048780487804878,impostor
1602,f1602,s1580,0.5654952076677316,impostor
1603,f1603,s0162,0.5020850708924104,impostor
1604,f1604,s0202,0.4490934449093445,impostor
1605,f1605,s1982,0.5314009661835749,impostor
1606,f1606,s0996,0.5971143174250833,impostor
1607,f1607,s0270,0.5854616895874263,impostor
1608,f1608,s1887,0.7140718562874252,impostor
1609,f1609,s0816,0.5108225108225108,impostor
1610,f1610,s1295,0.5472312703583062,impostor
1611,f1611,s0456,0.6025974025974026,impostor
1612,f1612,s1486,0.780380673499268,impostor
1613,f1613,s1751,0.6515301085883515,impostor
1614,f1614,s1276,0.6426966292134831,impostor
1615,f1615,s1017,0.39148936170212767,impostor
1616,f1616,s1726,0.5279187817258884,impostor
1617,f1617,s0296,0.26373626373626374,impostor
1618,f1618,s1749,0.4128843338213763,impostor
1619,f1619,s0720,0.5441988950276243,impostor
1620,f1620,s1773,0.6813471502590673,impostor
1621,f1621,s0338,0.7706422018348624,impostor
1622,f1622,s0879,0.7649208282582217,impostor
1623,f1623,s1077,0.69432918395574,impostor
1624,f1624,s0792,0.6444007858546169,impostor
1625,f1625,s1946,0.7614080834419817,impostor
1626,f1626,s0217,0.714622641509434,impostor
1627,f1627,s0764,0.46321525885558584,impostor
1628,f1628,s0188,0.743421052631579,impostor
1629,f1629,s0380,0.7955465587044535,impostor
1630,f1630,s0493,0.8424336973478939,impostor
1631,f1631,s1065,0.9571209800918836,impostor
1632,f1632,s1181,0.5657202944269191,impostor
1633,f1633,s0015,0.5255102040816326,impostor
1634,f1634,s1837,0.8261327713382508,impostor
1635,f1635,s0065,1.0499243570347958,impostor
1636,f1636,s1881,0.328125,impostor
1637,f1637,s1863,0.8211284513805522,impostor
1638,f1638,s0521,0.5867158671586716,impostor
1639,f1639,s1368,0.6736566186107471,impostor
1640,f1640,s1153,0.8521739130434782,impostor
1641,f1641,s0648,0.51105216622458,impostor
1642,f1642,s1496,0.5261437908496732,impostor
1643,f1643,s1087,0.3293838862559242,impostor
1644,f1644,s1163,0.562358276643991,impostor
1645,f1645,s1523,0.7570518653321201,impostor
1646,f1646,s0593,0.5785953177257525,impostor
1647,f1647,s0392,0.9229074889867841,impostor
1648,f1648,s1699,0.8178913738019169,impostor
1649,f1649,s0419,0.7357512953367875,impostor
1650,f1650,s0289,0.6965174129353234,impostor
1651,f1651,s0379,0.6581415174765558,impostor
1652,f1652,s1797,0.9057547956630525,impostor
1653,f1653,s1514,0.7192982456140351,impostor
1654,f1654,s0231,0.514959202175884,impostor
1655,f1655,s1018,0.5045537340619308,impostor
1656,f1656,s0041,0.9399141630901288,impostor
1657,f1657,s1052,0.768621236133122,impostor
1658,f1658,s0135,0.553875236294896,impostor
1659,f1659,s0201,0.82,impostor
1660,f1660,s1864,0.6002290950744559,impostor
1661,f1661,s0780,0.4594594594594595,impostor
1662,f1662,s0930,0.7077997671711292,impostor
1663,f1663,s1057,0.8024830699774267,impostor
1664,f1664,s1072,0.5336426914153132,impostor
1665,f1665,s0503,0.4961948249619482,impostor
1666,f1666,s0407,0.6309246309246309,impostor
1667,f1667,s1598,0.6128625472887768,impostor
1668,f1668,s1752,0.5897435897435898,impostor
1669,f1669,s0805,0.8985255854293148,impostor
1670,f1670,s0099,0.6713286713286714,impostor
1671,f1671,s0684,0.8076923076923077,impostor
1672,f1672,s1896,0.2681992337164751,impostor
1673,f1673,s0726,0.6843657817109144,impostor
1674,f1674,s1571,0.46402877697841727,impostor
1675,f1675,s0961,0.5440900562851783,impostor
1676,f1676,s1763,0.42946990116801437,impostor
1677,f1677,s0613,0.3178621659634318,impostor
1678,f1678,s1967,0.5124555160142349,impostor
1679,f1679,s1486,1.0485537190082646,impostor
1680,f1680,s0643,0.5709090909090909,impostor
1681,f1681,s1793,0.3120759837177748,impostor
1682,f1682,s1029,0.6393805309734514,impostor
1683,f1683,s1242,0.6334841628959276,impostor
1684,f1684,s0503,0.36363636363636365,impostor
1685,f1685,s0767,0.36608863198458574,impostor
1686,f1686,s0398,0.7051282051282052,impostor
1687,f1687,s0871,0.53,impostor
1688,f1688,s0795,0.27848101265822783,impostor
1689,f1689,s0393,0.9031224979983987,impostor
1690,f1690,s0207,0.7014314928425358,impostor
1691,f1691,s1039,0.7907514450867053,impostor
1692,f1692,s1882,0.5661914460285132,impostor
1693,f1693,s1578,0.8612191958495461,impostor
1694,f1694,s0892,0.8629629629629629,impostor
1695,f1695,s1485,0.6849593495934959,impostor
1696,f1696,s1715,0.7211155378486056,impostor
1697,f1697,s1599,0.5,impostor
1698,f1698,s0864,0.6844583987441131,impostor
1699,f1699,s0743,0.7690447400241838,impostor
1700,f1700,s1265,0.6714801444043321,impostor
1701,f1701,s0564,0.8493617021276596,impostor
1702,f1702,s1021,0.5321782178217822,impostor
1703,f1703,s0096,0.583011583011583,impostor
1704,f1704,s1924,0.7422497785651019,impostor
1705,f1705,s1758,0.2662337662337662,impostor
1706,f1706,s0485,0.3709677419354839,impostor
1707,f1707,s1431,0.7754811119030649,impostor
1708,f1708,s0231,0.4382326420198377,impostor
1709,f1709,s0749,0.6847960444993819,impostor
1710,f1710,s1679,0.38596491228070173,impostor
1711,f1711,s1195,0.6001765225066196,impostor
1712,f1712,s0541,0.629080118694362,impostor
1713,f1713,s1060,0.5636672325976231,impostor
1714,f1714,s0525,0.6587374199451053,impostor
1715,f1715,s1184,0.8432327166504382,impostor
1716,f1716,s1863,0.6732919254658385,impostor
1717,f1717,s1723,0.8067415730337079,impostor
1718,f1718,s1267,0.3053435114503817,impostor
1719,f1719,s1110,0.6232876712328768,impostor
1720,f1720,s1820,0.7405247813411079,impostor
1721,f1721,s0578,0.7604456824512534,impostor
1722,f1722,s0682,0.528555431131019,impostor
1723,f1723,s0557,0.5362318840579711,impostor
1724,f1724,s1598,0.8097306689834927,impostor
1725,f1725,s1977,0.7469670710571924,impostor
1726,f1726,s1013,0.720855614973262,impostor
1727,f1727,s0646,0.823906083244397,impostor
1728,f1728,s0796,0.5005959475566151,impostor
1729,f1729,s1052,0.6300768386388584,impostor
1730,f1730,s1644,0.8258527827648114,impostor
1731,f1731,s1580,0.5754583921015515,impostor
1732,f1732,s1364,0.6085918854415274,impostor
1733,f1733,s1822,0.5583524027459954,impostor
1734,f1734,s1982,0.8653846153846154,impostor
1735,f1735,s1355,0.3658119658119658,impostor
1736,f1736,s1664,0.718421052631579,impostor
1737,f1737,s1530,0.7567567567567568,impostor
1738,f1738,s1372,0.657856093979442,impostor
1739,f1739,s1497,0.6261216350947159,impostor
1740,f1740,s1255,0.6684303350970018,impostor
1741,f1741,s0190,0.2965034965034965,impostor
1742,f1742,s1249,0.5795724465558195,impostor
1743,f1743,s1409,0.2507836990595611,impostor
1744,f1744,s1401,0.38164251207729466,impostor
1745,f1745,s1307,0.6439232409381663,impostor
1746,f1746,s1982,0.8126159554730983,impostor
1747,f1747,s0633,0.5608342989571263,impostor
1748,f1748,s0628,0.4507422402159244,impostor
1749,f1749,s0973,0.7549103330486764,impostor
1750,f1750,s1769,0.7575757575757576,impostor
1751,f1751,s1283,0.5605633802816902,impostor
1752,f1752,s1383,0.49566724436741766,impostor
1753,f1753,s0710,0.7027777777777777,impostor
1754,f1754,s1480,0.3020833333333333,impostor
1755,f1755,s1435,0.5046296296296297,impostor
1756,f1756,s0649,0.9826658696951583,impostor
1757,f1757,s0318,0.7585551330798479,impostor
1758,f1758,s1701,0.7580340264650284,impostor
1759,f1759,s1249,0.5347506132461161,impostor
1760,f1760,s1843,0.5034550839091807,impostor
1761,f1761,s1258,0.7205298013245033,impostor
1762,f1762,s0684,0.6533996683250415,impostor
1763,f1763,s0664,0.9236641221374046,impostor
1764,f1764,s1999,0.6860335195530727,impostor
1765,f1765,s1851,0.54421768707483,impostor
1766,f1766,s1398,0.8426966292134831,impostor
1767,f1767,s1696,0.908957415565345,impostor
1768,f1768,s1632,0.4694167852062589,impostor
1769,f1769,s1496,0.9212598425196851,impostor
1770,f1770,s1257,0.5428824049513705,impostor
1771,f1771,s1716,0.648424543946932,impostor
1772,f1772,s1137,0.18007662835249041,impostor
1773,f1773,s1854,0.7638326585695007,impostor
1774,f1774,s1521,1.0207197382769901,impostor
1775,f1775,s0442,0.7335329341317365,impostor
1776,f1776,s0564,0.5693606755126659,impostor
1777,f1777,s1292,0.6032171581769437,impostor
1778,f1778,s1534,0.5695509309967142,impostor
1779,f1779,s1831,0.7214022140221402,impostor
1780,f1780,s1410,0.6643598615916955,impostor
1781,f1781,s1411,0.5546995377503852,impostor
1782,f1782,s1137,0.43042071197411,impostor
1783,f1783,s1637,0.619105199516324,impostor
1784,f1784,s1649,0.4401294498381877,impostor
1785,f1785,s0952,0.7948113207547169,impostor
1786,f1786,s1105,0.3655274888558692,impostor
1787,f1787,s0699,0.643646408839779,impostor
1788,f1788,s0113,0.5921052631578947,impostor
1789,f1789,s0002,0.5047318611987381,impostor
1790,f1790,s0642,0.6782407407407407,impostor
1791,f1791,s0220,0.25486725663716814,impostor
1792,f1792,s1590,0.9730668983492615,impostor
1793,f1793,s0855,0.8897893030794165,impostor
1794,f1794,s1760,0.7984570877531341,impostor
1795,f1795,s1249,0.27788649706457924,impostor
1796,f1796,s0385,0.6500829187396352,impostor
1797,f1797,s1427,0.7846153846153846,impostor
1798,f1798,s1662,0.861504907306434,impostor
1799,f1799,s1154,0.7466307277628033,impostor
1800,f1800,s1077,0.4628099173553719,impostor
1801,f1801,s1708,0.9612403100775194,impostor
1802,f1802,s0730,0.8897149938042132,impostor
1803,f1803,s1696,0.3160493827160494,impostor
1804,f1804,s1734,0.827708703374778,impostor
1805,f1805,s1440,0.7587476979742173,impostor
1806,f1806,s0247,0.4900662251655629,impostor
1807,f1807,s0836,0.45454545454545453,impostor
1808,f1808,s1463,0.2549317147192716,impostor
1809,f1809,s0203,0.5835866261398176,impostor
1810,f1810,s1208,0.6413502109704642,impostor
1811,f1811,s0123,0.5700934579439252,impostor
1812,f1812,s0401,0.7432762836185819,impostor
1813,f1813,s0767,0.8324439701173959,impostor
1814,f1814,s0294,0.5526570048309178,impostor
1815,f1815,s0280,0.6666666666666666,impostor
1816,f1816,s1861,0.4827586206896552,impostor
1817,f1817,s0884,0.6969147005444646,impostor
1818,f1818,s1634,0.33766233766233766,impostor
1819,f1819,s0198,0.6086956521739131,impostor
1820,f1820,s0982,0.957089552238806,impostor
1821,f1821,s1931,0.6118143459915611,impostor
1822,f1822,s1535,0.6990950226244343,impostor
1823,f1823,s0752,0.680952380952381,impostor
1824,f1824,s0144,0.6451612903225806,impostor
1825,f1825,s0609,0.9909015715467329,impostor
1826,f1826,s1225,0.5623409669211196,impostor
1827,f1827,s1148,0.4979702300405954,impostor
1828,f1828,s0187,0.842911877394636,impostor
1829,f1829,s1350,0.32338308457711445,impostor
1830,f1830,s0464,0.25906735751295334,impostor
1831,f1831,s1373,0.6989247311827957,impostor
1832,f1832,s1795,0.8339100346020761,impostor
1833,f1833,s0660,0.9085106382978724,impostor
1834,f1834,s0764,0.6536312849162011,impostor
1835,f1835,s0955,0.5989528795811518,impostor
1836,f1836,s1956,0.6712095400340715,impostor
1837,f1837,s0403,0.9481605351170569,impostor
1838,f1838,s1370,0.8236272878535774,impostor
1839,f1839,s1987,0.5335276967930029,impostor
1840,f1840,s1535,0.5137844611528822,impostor
1841,f1841,s0147,0.580327868852459,impostor
1842,f1842,s1172,0.6260869565217392,impostor
1843,f1843,s0864,0.9069539666993144,impostor
1844,f1844,s1735,0.5673352435530086,impostor
1845,f1845,s1844,0.8993576017130621,impostor
1846,f1846,s0489,0.6483011937557392,impostor
1847,f1847,s0929,0.5873873873873874,impostor
1848,f1848,s1960,0.5380577427821522,impostor
1849,f1849,s1664,0.4979919678714859,impostor
1850,f1850,s0551,0.6995305164319249,impostor
1851,f1851,s0338,0.6635404454865181,impostor
1852,f1852,s0872,0.4204322200392927,impostor
1853,f1853,s0641,0.9241101410342512,impostor
1854,f1854,s1803,0.8571428571428571,impostor
1855,f1855,s1977,0.8564885496183207,impostor
1856,f1856,s0473,0.8400556328233658,impostor
1857,f1857,s1970,0.6318840579710145,impostor
1858,f1858,s0151,0.5754310344827587,impostor
1859,f1859,s1439,0.7851851851851852,impostor
1860,f1860,s1322,0.2700587084148728,impostor
1861,f1861,s1635,0.4967741935483871,impostor
1862,f1862,s0263,0.7449856733524355,impostor
1863,f1863,s1788,0.3188405797101449,impostor
1864,f1864,s0144,0.4267198404785643,impostor
1865,f1865,s0346,0.5417170495767836,impostor
1866,f1866,s0624,0.8654467168998924,impostor
1867,f1867,s1017,0.6717391304347826,impostor
1868,f1868,s1596,0.7682926829268293,impostor
1869,f1869,s0881,0.7700534759358288,impostor
1870,f1870,s0002,0.6149312377210217,impostor
1871,f1871,s0897,0.46543778801843316,impostor
1872,f1872,s1328,0.5318725099601593,impostor
1873,f1873,s0254,0.6818181818181818,impostor
1874,f1874,s1676,0.6493506493506493,impostor
1875,f1875,s0453,0.6229985443959243,impostor
1876,f1876,s1061,0.9343696027633851,impostor
1877,f1877,s1184,0.8106951871657754,impostor
1878,f1878,s1015,0.7957931638913234,impostor
1879,f1879,s0009,0.6687565308254964,impostor
1880,f1880,s1257,0.7387234042553191,impostor
1881,f1881,s1123,0.4713375796178344,impostor
1882,f1882,s1683,0.5987654320987654,impostor
1883,f1883,s0816,0.8421052631578947,impostor
1884,f1884,s0208,0.7227467811158799,impostor
1885,f1885,s1155,0.6927592954990215,impostor
1886,f1886,s0404,0.7631578947368421,impostor
1887,f1887,s0152,0.2835130970724191,impostor
1888,f1888,s0054,0.4642857142857143,impostor
1889,f1889,s1144,0.41325966850828727,impostor
1890,f1890,s1697,0.5068493150684932,impostor
1891,f1891,s1944,0.7140740740740741,impostor
1892,f1892,s0628,0.5810185185185185,impostor
1893,f1893,s0587,0.4991735537190083,impostor
1894,f1894,s1649,0.4645799011532125,impostor
1895,f1895,s1992,0.8047619047619048,impostor
1896,f1896,s1444,0.5916666666666667,impostor
1897,f1897,s1446,0.5046979865771812,impostor
1898,f1898,s0104,0.6810966810966811,impostor
1899,f1899,s1876,0.7341463414634146,impostor
1900,f1900,s0254,0.720873786407767,impostor
1901,f1901,s1251,0.6921739130434783,impostor
1902,f1902,s1136,0.5858585858585859,impostor
1903,f1903,s0510,0.6542056074766355,impostor
1904,f1904,s1497,0.76993583868011,impostor
1905,f1905,s0099,0.8782547501759325,impostor
1906,f1906,s0153,0.5478887744593203,impostor
1907,f1907,s1885,0.7671480144404332,impostor
1908,f1908,s0914,0.5759162303664922,impostor
1909,f1909,s1920,0.8347107438016529,impostor
1910,f1910,s0878,0.5746691871455577,impostor
1911,f1911,s0338,0.6048192771084338,impostor
1912,f1912,s1730,0.7683284457478006,impostor
1913,f1913,s0822,0.5892116182572614,impostor
1914,f1914,s1187,0.7923497267759563,impostor
1915,f1915,s1744,0.5989010989010989,impostor
1916,f1916,s0957,0.6579804560260586,impostor
1917,f1917,s1705,0.36285097192224625,impostor
1918,f1918,s0161,0.8600612870275791,impostor
1919,f1919,s1604,0.49459783913565425,impostor
1920,f1920,s0801,0.5158730158730159,impostor
1921,f1921,s0398,0.8293545534924845,impostor
1922,f1922,s1301,0.7061923583662714,impostor
1923,f1923,s0816,0.5157894736842106,impostor
1924,f1924,s1940,0.6536082474226804,impostor
1925,f1925,s1528,0.48957189901207465,impostor
1926,f1926,s1920,0.9435483870967742,impostor
1927,f1927,s1416,0.5593667546174143,impostor
1928,f1928,s1159,0.7829457364341085,impostor
1929,f1929,s1219,0.626970227670753,impostor
1930,f1930,s0401,0.7441485068603713,impostor
1931,f1931,s0640,0.7712418300653595,impostor
1932,f1932,s1057,0.7812097812097812,impostor
1933,f1933,s0688,0.43636363636363634,impostor
1934,f1934,s0460,0.7341772151898734,impostor
1935,f1935,s0955,0.4778523489932886,impostor
1936,f1936,s1907,0.7154046997389034,impostor
1937,f1937,s0470,0.6752767527675276,impostor
1938,f1938,s1399,0.6267716535433071,impostor
1939,f1939,s1046,0.81,impostor
1940,f1940,s0750,0.428927680798005,impostor
1941,f1941,s1694,0.7734668335419274,impostor
1942,f1942,s0038,0.7973154362416107,impostor
1943,f1943,s0230,0.7623561272850372,impostor
1944,f1944,s1389,0.7695516162669447,impostor
1945,f1945,s0563,1.0400641025641026,impostor
1946,f1946,s0438,0.6782431052093973,impostor
1947,f1947,s1800,0.5824345146379045,impostor
1948,f1948,s1307,0.691747572815534,impostor
1949,f1949,s0027,0.548689138576779,impostor
1950,f1950,s0226,0.7486033519553073,impostor
1951,f1951,s1301,0.2222222222222222,impostor
1952,f1952,s0798,0.47634069400630913,impostor
1953,f1953,s1633,0.6721698113207547,impostor
1954,f1954,s0284,0.25329280648429586,impostor
1955,f1955,s0879,0.4669365721997301,impostor
1956,f1956,s0960,0.6764705882352942,impostor
1957,f1957,s1505,0.6741573033707865,impostor
1958,f1958,s0453,0.7870036101083032,impostor
1959,f1959,s1020,0.6873661670235546,impostor
1960,f1960,s1853,0.730844793713163,impostor
1961,f1961,s0816,0.9310027598896045,impostor
1962,f1962,s0659,0.8016032064128257,impostor
1963,f1963,s1540,0.8311688311688312,impostor
1964,f1964,s0547,0.5343065693430656,impostor
1965,f1965,s1216,0.7345029239766082,impostor
1966,f1966,s1073,0.8142548596112311,impostor
1967,f1967,s1536,0.644718792866941,impostor
1968,f1968,s0017,0.6623655913978495,impostor
1969,f1969,s1196,0.3891660727013542,impostor
1970,f1970,s1244,0.6935251798561151,impostor
1971,f1971,s0158,0.8086642599277978,impostor
1972,f1972,s0477,0.8598524762908325,impostor
1973,f1973,s1070,0.7464788732394366,impostor
1974,f1974,s1397,0.5201793721973094,impostor
1975,f1975,s0518,0.5617433414043583,impostor
1976,f1976,s0099,0.7514644351464436,impostor
1977,f1977,s1916,0.41421319796954315,impostor
1978,f1978,s1769,0.4420772303595206,impostor
1979,f1979,s1061,0.9144981412639405,impostor
1980,f1980,s0280,0.45796064400715564,impostor
1981,f1981,s1373,0.8365276211950394,impostor
1982,f1982,s0497,0.6183644189383071,impostor
1983,f1983,s0302,0.554641598119859,impostor
1984,f1984,s0181,0.4171779141104294,impostor
1985,f1985,s0607,0.4121212121212121,impostor
1986,f1986,s1123,0.8136813681368137,impostor
1987,f1987,s0700,0.4752186588921283,impostor
1988,f1988,s0993,0.465016146393972,impostor
1989,f1989,s1140,0.5912762520193862,impostor
1990,f1990,s0191,0.4059633027522936,impostor
1991,f1991,s0253,0.7910562837316885,impostor
1992,f1992,s0981,0.562929061784897,impostor
1993,f1993,s0928,0.45964432284541723,impostor
1994,f1994,s1185,0.4,impostor
1995,f1995,s1280,0.6780072904009721,impostor
1996,f1996,s1347,0.5309734513274337,impostor
1997,f1997,s0128,0.6630076838638859,impostor
1998,f1998,s0018,0.492600422832981,impostor
1999,f1999,s1817,0.5913818722139673,impostor
2000,f2000,s1759,1.0275103163686383,impostor
